sectionCandidateId,fromStationCode,toStationCode,fromStationName,toStationName,routeName,division,zone,sequence,direction,distance,distanceStatus,sourceId,dataVersionId,verificationStatus,authorityLevel
SEC-MAS-BBQ-0f5776,MAS,BBQ,MGR Chennai Central,Basin Bridge Junction,West Line (MAS-JTJ),CHENNAI,SR,2,FORWARD,,NOT_AVAILABLE,SR_DATASET,V1,NOT_VERIFIED,SECONDARY_REFERENCE
SEC-BBQ-VJM-acf754,BBQ,VJM,Basin Bridge Junction,Vyasarpadi Jeeva,West Line (MAS-JTJ),CHENNAI,SR,3,FORWARD,,NOT_AVAILABLE,SR_DATASET,V1,NOT_VERIFIED,SECONDARY_REFERENCE
SEC-VJM-PER-3de67f,VJM,PER,Vyasarpadi Jeeva,Perambur,West Line (MAS-JTJ),CHENNAI,SR,4,FORWARD,,NOT_AVAILABLE,SR_DATASET,V1,NOT_VERIFIED,SECONDARY_REFERENCE
SEC-PER-PCW-b2e795,PER,PCW,Perambur,Perambur Carriage Works,West Line (MAS-JTJ),CHENNAI,SR,5,FORWARD,,NOT_AVAILABLE,SR_DATASET,V1,NOT_VERIFIED,SECONDARY_REFERENCE
SEC-PCW-PEW-63e511,PCW,PEW,Perambur Carriage Works,Perambur Loco Works,West Line (MAS-JTJ),CHENNAI,SR,6,FORWARD,,NOT_AVAILABLE,SR_DATASET,V1,NOT_VERIFIED,SECONDARY_REFERENCE
SEC-PEW-VLK-99f8c8,PEW,VLK,Perambur Loco Works,Villivakkam,West Line (MAS-JTJ),CHENNAI,SR,7,FORWARD,,NOT_AVAILABLE,SR_DATASET,V1,NOT_VERIFIED,SECONDARY_REFERENCE
SEC-VLK-KOTR-2a2e23,VLK,KOTR,Villivakkam,Korattur,West Line (MAS-JTJ),CHENNAI,SR,8,FORWARD,,NOT_AVAILABLE,SR_DATASET,V1,NOT_VERIFIED,SECONDARY_REFERENCE
SEC-KOTR-PVM-eb0946,KOTR,PVM,Korattur,Pataravakkam,West Line (MAS-JTJ),CHENNAI,SR,9,FORWARD,,NOT_AVAILABLE,SR_DATASET,V1,NOT_VERIFIED,SECONDARY_REFERENCE
SEC-PVM-ABU-604b02,PVM,ABU,Pataravakkam,Ambattur,West Line (MAS-JTJ),CHENNAI,SR,10,FORWARD,,NOT_AVAILABLE,SR_DATASET,V1,NOT_VERIFIED,SECONDARY_REFERENCE
SEC-ABU-TMVL-be1e75,ABU,TMVL,Ambattur,Tirumullaivayil,West Line (MAS-JTJ),CHENNAI,SR,11,FORWARD,,NOT_AVAILABLE,SR_DATASET,V1,NOT_VERIFIED,SECONDARY_REFERENCE
SEC-TMVL-ANNR-b9244c,TMVL,ANNR,Tirumullaivayil,Annanur,West Line (MAS-JTJ),CHENNAI,SR,12,FORWARD,,NOT_AVAILABLE,SR_DATASET,V1,NOT_VERIFIED,SECONDARY_REFERENCE
SEC-ANNR-AVD-8ab7c0,ANNR,AVD,Annanur,Avadi,West Line (MAS-JTJ),CHENNAI,SR,13,FORWARD,,NOT_AVAILABLE,SR_DATASET,V1,NOT_VERIFIED,SECONDARY_REFERENCE
SEC-AVD-HC-1e0e35,AVD,HC,Avadi,Hindu College,West Line (MAS-JTJ),CHENNAI,SR,14,FORWARD,,NOT_AVAILABLE,SR_DATASET,V1,NOT_VERIFIED,SECONDARY_REFERENCE
SEC-HC-PAB-672fbd,HC,PAB,Hindu College,Patabiram,West Line (MAS-JTJ),CHENNAI,SR,15,FORWARD,,NOT_AVAILABLE,SR_DATASET,V1,NOT_VERIFIED,SECONDARY_REFERENCE
SEC-PAB-PTMS-81a34d,PAB,PTMS,Patabiram,Patabiram Military Siding,West Line (MAS-JTJ),CHENNAI,SR,16,FORWARD,,NOT_AVAILABLE,SR_DATASET,V1,NOT_VERIFIED,SECONDARY_REFERENCE
SEC-PTMS-NEC-e15aa0,PTMS,NEC,Patabiram Military Siding,Nemilichery,West Line (MAS-JTJ),CHENNAI,SR,17,FORWARD,,NOT_AVAILABLE,SR_DATASET,V1,NOT_VERIFIED,SECONDARY_REFERENCE
SEC-NEC-TI-755493,NEC,TI,Nemilichery,Tiruninravur,West Line (MAS-JTJ),CHENNAI,SR,18,FORWARD,,NOT_AVAILABLE,SR_DATASET,V1,NOT_VERIFIED,SECONDARY_REFERENCE
SEC-TI-VEU-518da3,TI,VEU,Tiruninravur,Veppampattu,West Line (MAS-JTJ),CHENNAI,SR,19,FORWARD,,NOT_AVAILABLE,SR_DATASET,V1,NOT_VERIFIED,SECONDARY_REFERENCE
SEC-VEU-SVR-5f3b61,VEU,SVR,Veppampattu,Sevvpet Road,West Line (MAS-JTJ),CHENNAI,SR,20,FORWARD,,NOT_AVAILABLE,SR_DATASET,V1,NOT_VERIFIED,SECONDARY_REFERENCE
SEC-SVR-PTLR-541a2b,SVR,PTLR,Sevvpet Road,Putlur,West Line (MAS-JTJ),CHENNAI,SR,21,FORWARD,,NOT_AVAILABLE,SR_DATASET,V1,NOT_VERIFIED,SECONDARY_REFERENCE
SEC-PTLR-TRL-0b1d32,PTLR,TRL,Putlur,Tiruvallur,West Line (MAS-JTJ),CHENNAI,SR,22,FORWARD,,NOT_AVAILABLE,SR_DATASET,V1,NOT_VERIFIED,SECONDARY_REFERENCE
SEC-TRL-EGT-b8f7ff,TRL,EGT,Tiruvallur,Egattur,West Line (MAS-JTJ),CHENNAI,SR,23,FORWARD,,NOT_AVAILABLE,SR_DATASET,V1,NOT_VERIFIED,SECONDARY_REFERENCE
SEC-EGT-KBT-04cfdc,EGT,KBT,Egattur,Kadambattur,West Line (MAS-JTJ),CHENNAI,SR,24,FORWARD,,NOT_AVAILABLE,SR_DATASET,V1,NOT_VERIFIED,SECONDARY_REFERENCE
SEC-KBT-SPAM-7789e8,KBT,SPAM,Kadambattur,Senji Panambakkam,West Line (MAS-JTJ),CHENNAI,SR,25,FORWARD,,NOT_AVAILABLE,SR_DATASET,V1,NOT_VERIFIED,SECONDARY_REFERENCE
SEC-SPAM-MAF-150e11,SPAM,MAF,Senji Panambakkam,Manavur,West Line (MAS-JTJ),CHENNAI,SR,26,FORWARD,,NOT_AVAILABLE,SR_DATASET,V1,NOT_VERIFIED,SECONDARY_REFERENCE
SEC-MAF-TO-553a6f,MAF,TO,Manavur,Tiruvalangadu,West Line (MAS-JTJ),CHENNAI,SR,27,FORWARD,,NOT_AVAILABLE,SR_DATASET,V1,NOT_VERIFIED,SECONDARY_REFERENCE
SEC-TO-MSU-e28462,TO,MSU,Tiruvalangadu,Mosur,West Line (MAS-JTJ),CHENNAI,SR,28,FORWARD,,NOT_AVAILABLE,SR_DATASET,V1,NOT_VERIFIED,SECONDARY_REFERENCE
SEC-MSU-PLMG-1ef9e4,MSU,PLMG,Mosur,Puliyamangalam,West Line (MAS-JTJ),CHENNAI,SR,29,FORWARD,,NOT_AVAILABLE,SR_DATASET,V1,NOT_VERIFIED,SECONDARY_REFERENCE
SEC-PLMG-AJJ-08e9af,PLMG,AJJ,Puliyamangalam,Arakkonam Junction,West Line (MAS-JTJ),CHENNAI,SR,30,FORWARD,,NOT_AVAILABLE,SR_DATASET,V1,NOT_VERIFIED,SECONDARY_REFERENCE
SEC-AJJ-CTRE-2c8034,AJJ,CTRE,Arakkonam Junction,Chiteri,West Line (MAS-JTJ),CHENNAI,SR,31,FORWARD,,NOT_AVAILABLE,SR_DATASET,V1,NOT_VERIFIED,SECONDARY_REFERENCE
SEC-CTRE-AVN-a90f77,CTRE,AVN,Chiteri,Anavardikhanpet,West Line (MAS-JTJ),CHENNAI,SR,32,FORWARD,,NOT_AVAILABLE,SR_DATASET,V1,NOT_VERIFIED,SECONDARY_REFERENCE
SEC-AVN-MDVE-d231b3,AVN,MDVE,Anavardikhanpet,Mahendravadi,West Line (MAS-JTJ),CHENNAI,SR,33,FORWARD,,NOT_AVAILABLE,SR_DATASET,V1,NOT_VERIFIED,SECONDARY_REFERENCE
SEC-MDVE-SHU-7c6eb2,MDVE,SHU,Mahendravadi,Sholinghur,West Line (MAS-JTJ),CHENNAI,SR,34,FORWARD,,NOT_AVAILABLE,SR_DATASET,V1,NOT_VERIFIED,SECONDARY_REFERENCE
SEC-SHU-TUG-af4e16,SHU,TUG,Sholinghur,Thalangai,West Line (MAS-JTJ),CHENNAI,SR,35,FORWARD,,NOT_AVAILABLE,SR_DATASET,V1,NOT_VERIFIED,SECONDARY_REFERENCE
SEC-TUG-WJR-3e5c3f,TUG,WJR,Thalangai,Walajah Road Junction,West Line (MAS-JTJ),CHENNAI,SR,36,FORWARD,,NOT_AVAILABLE,SR_DATASET,V1,NOT_VERIFIED,SECONDARY_REFERENCE
SEC-WJR-MCN-661feb,WJR,MCN,Walajah Road Junction,Mukundarayapuram,West Line (MAS-JTJ),CHENNAI,SR,37,FORWARD,,NOT_AVAILABLE,SR_DATASET,V1,NOT_VERIFIED,SECONDARY_REFERENCE
SEC-MCN-THL-4008b0,MCN,THL,Mukundarayapuram,Tiruvalam,West Line (MAS-JTJ),CHENNAI,SR,38,FORWARD,,NOT_AVAILABLE,SR_DATASET,V1,NOT_VERIFIED,SECONDARY_REFERENCE
SEC-THL-SVUR-c40aa8,THL,SVUR,Tiruvalam,Sevur,West Line (MAS-JTJ),CHENNAI,SR,39,FORWARD,,NOT_AVAILABLE,SR_DATASET,V1,NOT_VERIFIED,SECONDARY_REFERENCE
SEC-SVUR-KPD-cd3b5c,SVUR,KPD,Sevur,Katpadi Junction,West Line (MAS-JTJ),CHENNAI,SR,40,FORWARD,,NOT_AVAILABLE,SR_DATASET,V1,NOT_VERIFIED,SECONDARY_REFERENCE
SEC-KPD-LTI-0fdcbe,KPD,LTI,Katpadi Junction,Lateri,West Line (MAS-JTJ),CHENNAI,SR,41,FORWARD,,NOT_AVAILABLE,SR_DATASET,V1,NOT_VERIFIED,SECONDARY_REFERENCE
SEC-LTI-VJ-0b2f45,LTI,VJ,Lateri,Virinchipuram,West Line (MAS-JTJ),CHENNAI,SR,42,FORWARD,,NOT_AVAILABLE,SR_DATASET,V1,NOT_VERIFIED,SECONDARY_REFERENCE
SEC-VJ-KVN-2fa525,VJ,KVN,Virinchipuram,Kavanur,West Line (MAS-JTJ),CHENNAI,SR,43,FORWARD,,NOT_AVAILABLE,SR_DATASET,V1,NOT_VERIFIED,SECONDARY_REFERENCE
SEC-KVN-GYM-773fb6,KVN,GYM,Kavanur,Gudiyatam,West Line (MAS-JTJ),CHENNAI,SR,44,FORWARD,,NOT_AVAILABLE,SR_DATASET,V1,NOT_VERIFIED,SECONDARY_REFERENCE
SEC-GYM-MEH-09606a,GYM,MEH,Gudiyatam,Melalathur,West Line (MAS-JTJ),CHENNAI,SR,45,FORWARD,,NOT_AVAILABLE,SR_DATASET,V1,NOT_VERIFIED,SECONDARY_REFERENCE
SEC-MEH-VLT-b896ab,MEH,VLT,Melalathur,Valathoor,West Line (MAS-JTJ),CHENNAI,SR,46,FORWARD,,NOT_AVAILABLE,SR_DATASET,V1,NOT_VERIFIED,SECONDARY_REFERENCE
SEC-VLT-MPI-b2e39e,VLT,MPI,Valathoor,Melpati,West Line (MAS-JTJ),CHENNAI,SR,47,FORWARD,,NOT_AVAILABLE,SR_DATASET,V1,NOT_VERIFIED,SECONDARY_REFERENCE
SEC-MPI-PCV-8bfe37,MPI,PCV,Melpati,Pachakuppam,West Line (MAS-JTJ),CHENNAI,SR,48,FORWARD,,NOT_AVAILABLE,SR_DATASET,V1,NOT_VERIFIED,SECONDARY_REFERENCE
SEC-PCV-AB-5beb9e,PCV,AB,Pachakuppam,Ambur,West Line (MAS-JTJ),CHENNAI,SR,49,FORWARD,,NOT_AVAILABLE,SR_DATASET,V1,NOT_VERIFIED,SECONDARY_REFERENCE
SEC-AB-VGM-52476c,AB,VGM,Ambur,Vinnamangalam,West Line (MAS-JTJ),CHENNAI,SR,50,FORWARD,,NOT_AVAILABLE,SR_DATASET,V1,NOT_VERIFIED,SECONDARY_REFERENCE
SEC-VGM-VN-c4b577,VGM,VN,Vinnamangalam,Vaniyambadi,West Line (MAS-JTJ),CHENNAI,SR,51,FORWARD,,NOT_AVAILABLE,SR_DATASET,V1,NOT_VERIFIED,SECONDARY_REFERENCE
SEC-VN-KDY-542085,VN,KDY,Vaniyambadi,Ketandapatti,West Line (MAS-JTJ),CHENNAI,SR,52,FORWARD,,NOT_AVAILABLE,SR_DATASET,V1,NOT_VERIFIED,SECONDARY_REFERENCE
SEC-KDY-JTJ-1ef11c,KDY,JTJ,Ketandapatti,Jolarpettai Junction,West Line (MAS-JTJ),CHENNAI,SR,53,FORWARD,,NOT_AVAILABLE,SR_DATASET,V1,NOT_VERIFIED,SECONDARY_REFERENCE
SEC-TNP-KOK-52cf94,TNP,KOK,Tondiarpet,Korukkupet,North Line (MAS-GDR),CHENNAI,SR,2,FORWARD,,NOT_AVAILABLE,SR_DATASET,V1,NOT_VERIFIED,SECONDARY_REFERENCE
SEC-KOK-TVT-2bb691,KOK,TVT,Korukkupet,Tiruvottiyur,North Line (MAS-GDR),CHENNAI,SR,3,FORWARD,,NOT_AVAILABLE,SR_DATASET,V1,NOT_VERIFIED,SECONDARY_REFERENCE
SEC-TVT-WCN-427fab,TVT,WCN,Tiruvottiyur,Wimco Nagar,North Line (MAS-GDR),CHENNAI,SR,4,FORWARD,,NOT_AVAILABLE,SR_DATASET,V1,NOT_VERIFIED,SECONDARY_REFERENCE
SEC-WCN-KAVM-44a35e,WCN,KAVM,Wimco Nagar,Kathivakkam,North Line (MAS-GDR),CHENNAI,SR,5,FORWARD,,NOT_AVAILABLE,SR_DATASET,V1,NOT_VERIFIED,SECONDARY_REFERENCE
SEC-KAVM-ENR-c5c983,KAVM,ENR,Kathivakkam,Ennore,North Line (MAS-GDR),CHENNAI,SR,6,FORWARD,,NOT_AVAILABLE,SR_DATASET,V1,NOT_VERIFIED,SECONDARY_REFERENCE
SEC-ENR-AIP-c078e9,ENR,AIP,Ennore,Atipattu,North Line (MAS-GDR),CHENNAI,SR,7,FORWARD,,NOT_AVAILABLE,SR_DATASET,V1,NOT_VERIFIED,SECONDARY_REFERENCE
SEC-AIP-AIPP-a19b18,AIP,AIPP,Atipattu,Atipattu Pudu Nagar,North Line (MAS-GDR),CHENNAI,SR,8,FORWARD,,NOT_AVAILABLE,SR_DATASET,V1,NOT_VERIFIED,SECONDARY_REFERENCE
SEC-AIPP-NPKM-451c39,AIPP,NPKM,Atipattu Pudu Nagar,Nandiambakkam,North Line (MAS-GDR),CHENNAI,SR,9,FORWARD,,NOT_AVAILABLE,SR_DATASET,V1,NOT_VERIFIED,SECONDARY_REFERENCE
SEC-NPKM-MJR-c29237,NPKM,MJR,Nandiambakkam,Minjur,North Line (MAS-GDR),CHENNAI,SR,10,FORWARD,,NOT_AVAILABLE,SR_DATASET,V1,NOT_VERIFIED,SECONDARY_REFERENCE
SEC-MJR-APB-f1fb5b,MJR,APB,Minjur,Anuppampattu,North Line (MAS-GDR),CHENNAI,SR,11,FORWARD,,NOT_AVAILABLE,SR_DATASET,V1,NOT_VERIFIED,SECONDARY_REFERENCE
SEC-APB-PON-d18364,APB,PON,Anuppampattu,Ponneri,North Line (MAS-GDR),CHENNAI,SR,12,FORWARD,,NOT_AVAILABLE,SR_DATASET,V1,NOT_VERIFIED,SECONDARY_REFERENCE
SEC-PON-KVP-d71ee5,PON,KVP,Ponneri,Kavaraipettai,North Line (MAS-GDR),CHENNAI,SR,13,FORWARD,,NOT_AVAILABLE,SR_DATASET,V1,NOT_VERIFIED,SECONDARY_REFERENCE
SEC-KVP-GPD-eb4f1e,KVP,GPD,Kavaraipettai,Gummidipundi,North Line (MAS-GDR),CHENNAI,SR,14,FORWARD,,NOT_AVAILABLE,SR_DATASET,V1,NOT_VERIFIED,SECONDARY_REFERENCE
SEC-GPD-ELR-f1a83c,GPD,ELR,Gummidipundi,Elavur,North Line (MAS-GDR),CHENNAI,SR,15,FORWARD,,NOT_AVAILABLE,SR_DATASET,V1,NOT_VERIFIED,SECONDARY_REFERENCE
SEC-ELR-AKM-2aa981,ELR,AKM,Elavur,Arambakkam,North Line (MAS-GDR),CHENNAI,SR,16,FORWARD,,NOT_AVAILABLE,SR_DATASET,V1,NOT_VERIFIED,SECONDARY_REFERENCE
SEC-AKM-TADA-901e40,AKM,TADA,Arambakkam,Tada,North Line (MAS-GDR),CHENNAI,SR,17,FORWARD,,NOT_AVAILABLE,SR_DATASET,V1,NOT_VERIFIED,SECONDARY_REFERENCE
SEC-TADA-SPE-9e6c88,TADA,SPE,Tada,Sullurupeta,North Line (MAS-GDR),CHENNAI,SR,18,FORWARD,,NOT_AVAILABLE,SR_DATASET,V1,NOT_VERIFIED,SECONDARY_REFERENCE
SEC-SPE-PEL-34ce84,SPE,PEL,Sullurupeta,Polireddipalem,North Line (MAS-GDR),CHENNAI,SR,19,FORWARD,,NOT_AVAILABLE,SR_DATASET,V1,NOT_VERIFIED,SECONDARY_REFERENCE
SEC-PEL-DVR-280c82,PEL,DVR,Polireddipalem,Doravari Chatram,North Line (MAS-GDR),CHENNAI,SR,20,FORWARD,,NOT_AVAILABLE,SR_DATASET,V1,NOT_VERIFIED,SECONDARY_REFERENCE
SEC-DVR-NYP-3b4205,DVR,NYP,Doravari Chatram,Nayudupeta,North Line (MAS-GDR),CHENNAI,SR,21,FORWARD,,NOT_AVAILABLE,SR_DATASET,V1,NOT_VERIFIED,SECONDARY_REFERENCE
SEC-NYP-PYA-b64c4c,NYP,PYA,Nayudupeta,Pedapariya,North Line (MAS-GDR),CHENNAI,SR,22,FORWARD,,NOT_AVAILABLE,SR_DATASET,V1,NOT_VERIFIED,SECONDARY_REFERENCE
SEC-PYA-ODUR-7e8887,PYA,ODUR,Pedapariya,Odur,North Line (MAS-GDR),CHENNAI,SR,23,FORWARD,,NOT_AVAILABLE,SR_DATASET,V1,NOT_VERIFIED,SECONDARY_REFERENCE
SEC-ODUR-GDR-849fb8,ODUR,GDR,Odur,Gudur Junction,North Line (MAS-GDR),CHENNAI,SR,24,FORWARD,,NOT_AVAILABLE,SR_DATASET,V1,NOT_VERIFIED,SECONDARY_REFERENCE
SEC-MS-MSC-b5af5d,MS,MSC,Chennai Egmore,Chetpet,South Line (MS-VM),CHENNAI,SR,2,FORWARD,,NOT_AVAILABLE,SR_DATASET,V1,NOT_VERIFIED,SECONDARY_REFERENCE
SEC-MSC-NBK-0f9ae4,MSC,NBK,Chetpet,Nungambakkam,South Line (MS-VM),CHENNAI,SR,3,FORWARD,,NOT_AVAILABLE,SR_DATASET,V1,NOT_VERIFIED,SECONDARY_REFERENCE
SEC-NBK-MKK-24bb89,NBK,MKK,Nungambakkam,Kodambakkam,South Line (MS-VM),CHENNAI,SR,4,FORWARD,,NOT_AVAILABLE,SR_DATASET,V1,NOT_VERIFIED,SECONDARY_REFERENCE
SEC-MKK-MBM-78641b,MKK,MBM,Kodambakkam,Mambalam,South Line (MS-VM),CHENNAI,SR,5,FORWARD,,NOT_AVAILABLE,SR_DATASET,V1,NOT_VERIFIED,SECONDARY_REFERENCE
SEC-MBM-SP-71bcbb,MBM,SP,Mambalam,Saidapet,South Line (MS-VM),CHENNAI,SR,6,FORWARD,,NOT_AVAILABLE,SR_DATASET,V1,NOT_VERIFIED,SECONDARY_REFERENCE
SEC-SP-GDY-96913f,SP,GDY,Saidapet,Guindy,South Line (MS-VM),CHENNAI,SR,7,FORWARD,,NOT_AVAILABLE,SR_DATASET,V1,NOT_VERIFIED,SECONDARY_REFERENCE
SEC-GDY-STM-af96a3,GDY,STM,Guindy,St Thomas Mount,South Line (MS-VM),CHENNAI,SR,8,FORWARD,,NOT_AVAILABLE,SR_DATASET,V1,NOT_VERIFIED,SECONDARY_REFERENCE
SEC-STM-PZA-159705,STM,PZA,St Thomas Mount,Palavanthangal,South Line (MS-VM),CHENNAI,SR,9,FORWARD,,NOT_AVAILABLE,SR_DATASET,V1,NOT_VERIFIED,SECONDARY_REFERENCE
SEC-PZA-MN-c2a078,PZA,MN,Palavanthangal,Minambakkam,South Line (MS-VM),CHENNAI,SR,10,FORWARD,,NOT_AVAILABLE,SR_DATASET,V1,NOT_VERIFIED,SECONDARY_REFERENCE
SEC-MN-TLM-ac05c1,MN,TLM,Minambakkam,Tirusulam,South Line (MS-VM),CHENNAI,SR,11,FORWARD,,NOT_AVAILABLE,SR_DATASET,V1,NOT_VERIFIED,SECONDARY_REFERENCE
SEC-TLM-PV-5a6321,TLM,PV,Tirusulam,Pallavaram,South Line (MS-VM),CHENNAI,SR,12,FORWARD,,NOT_AVAILABLE,SR_DATASET,V1,NOT_VERIFIED,SECONDARY_REFERENCE
SEC-PV-CMP-0884ca,PV,CMP,Pallavaram,Chromepet,South Line (MS-VM),CHENNAI,SR,13,FORWARD,,NOT_AVAILABLE,SR_DATASET,V1,NOT_VERIFIED,SECONDARY_REFERENCE
SEC-CMP-TBMS-5029e7,CMP,TBMS,Chromepet,Tambaram Sanatorium,South Line (MS-VM),CHENNAI,SR,14,FORWARD,,NOT_AVAILABLE,SR_DATASET,V1,NOT_VERIFIED,SECONDARY_REFERENCE
SEC-TBMS-TBM-c021ed,TBMS,TBM,Tambaram Sanatorium,Tambaram,South Line (MS-VM),CHENNAI,SR,15,FORWARD,,NOT_AVAILABLE,SR_DATASET,V1,NOT_VERIFIED,SECONDARY_REFERENCE
SEC-TBM-PRGL-815b4b,TBM,PRGL,Tambaram,Perungalathur,South Line (MS-VM),CHENNAI,SR,16,FORWARD,,NOT_AVAILABLE,SR_DATASET,V1,NOT_VERIFIED,SECONDARY_REFERENCE
SEC-PRGL-VDR-71e967,PRGL,VDR,Perungalathur,Vandalur,South Line (MS-VM),CHENNAI,SR,17,FORWARD,,NOT_AVAILABLE,SR_DATASET,V1,NOT_VERIFIED,SECONDARY_REFERENCE
SEC-VDR-UPM-bc8532,VDR,UPM,Vandalur,Urappakkam,South Line (MS-VM),CHENNAI,SR,18,FORWARD,,NOT_AVAILABLE,SR_DATASET,V1,NOT_VERIFIED,SECONDARY_REFERENCE
SEC-UPM-GI-df01bd,UPM,GI,Urappakkam,Guduvancheri,South Line (MS-VM),CHENNAI,SR,19,FORWARD,,NOT_AVAILABLE,SR_DATASET,V1,NOT_VERIFIED,SECONDARY_REFERENCE
SEC-GI-POTI-886a2e,GI,POTI,Guduvancheri,Potheri,South Line (MS-VM),CHENNAI,SR,20,FORWARD,,NOT_AVAILABLE,SR_DATASET,V1,NOT_VERIFIED,SECONDARY_REFERENCE
SEC-POTI-CTM-d821ff,POTI,CTM,Potheri,Katangulattur,South Line (MS-VM),CHENNAI,SR,21,FORWARD,,NOT_AVAILABLE,SR_DATASET,V1,NOT_VERIFIED,SECONDARY_REFERENCE
SEC-CTM-MMNK-b80759,CTM,MMNK,Katangulattur,Maraimalai Nagar Kamarajar,South Line (MS-VM),CHENNAI,SR,22,FORWARD,,NOT_AVAILABLE,SR_DATASET,V1,NOT_VERIFIED,SECONDARY_REFERENCE
SEC-MMNK-SKL-708a61,MMNK,SKL,Maraimalai Nagar Kamarajar,Singaperumal Koil,South Line (MS-VM),CHENNAI,SR,23,FORWARD,,NOT_AVAILABLE,SR_DATASET,V1,NOT_VERIFIED,SECONDARY_REFERENCE
SEC-SKL-PWU-11685c,SKL,PWU,Singaperumal Koil,Paranur,South Line (MS-VM),CHENNAI,SR,24,FORWARD,,NOT_AVAILABLE,SR_DATASET,V1,NOT_VERIFIED,SECONDARY_REFERENCE
SEC-PWU-CGL-df4c6e,PWU,CGL,Paranur,Chengalpattu Junction,South Line (MS-VM),CHENNAI,SR,25,FORWARD,,NOT_AVAILABLE,SR_DATASET,V1,NOT_VERIFIED,SECONDARY_REFERENCE
SEC-CGL-TRM-c81725,CGL,TRM,Chengalpattu Junction,Tirumani,South Line (MS-VM),CHENNAI,SR,26,FORWARD,,NOT_AVAILABLE,SR_DATASET,V1,NOT_VERIFIED,SECONDARY_REFERENCE
SEC-TRM-OV-c388ea,TRM,OV,Tirumani,Otivakkam,South Line (MS-VM),CHENNAI,SR,27,FORWARD,,NOT_AVAILABLE,SR_DATASET,V1,NOT_VERIFIED,SECONDARY_REFERENCE
SEC-OV-PTM-e4ca09,OV,PTM,Otivakkam,Padalam,South Line (MS-VM),CHENNAI,SR,28,FORWARD,,NOT_AVAILABLE,SR_DATASET,V1,NOT_VERIFIED,SECONDARY_REFERENCE
SEC-PTM-KGZ-7dc095,PTM,KGZ,Padalam,Karunguzhi,South Line (MS-VM),CHENNAI,SR,29,FORWARD,,NOT_AVAILABLE,SR_DATASET,V1,NOT_VERIFIED,SECONDARY_REFERENCE
SEC-KGZ-MMK-16dd5d,KGZ,MMK,Karunguzhi,Madurantakam,South Line (MS-VM),CHENNAI,SR,30,FORWARD,,NOT_AVAILABLE,SR_DATASET,V1,NOT_VERIFIED,SECONDARY_REFERENCE
SEC-MMK-PAK-4a27f8,MMK,PAK,Madurantakam,Pakkam,South Line (MS-VM),CHENNAI,SR,31,FORWARD,,NOT_AVAILABLE,SR_DATASET,V1,NOT_VERIFIED,SECONDARY_REFERENCE
SEC-PAK-MLMR-b2cb0c,PAK,MLMR,Pakkam,Melmaruvathur,South Line (MS-VM),CHENNAI,SR,32,FORWARD,,NOT_AVAILABLE,SR_DATASET,V1,NOT_VERIFIED,SECONDARY_REFERENCE
SEC-MLMR-ACK-daf2dc,MLMR,ACK,Melmaruvathur,Acharapakkam,South Line (MS-VM),CHENNAI,SR,33,FORWARD,,NOT_AVAILABLE,SR_DATASET,V1,NOT_VERIFIED,SECONDARY_REFERENCE
SEC-ACK-TZD-51f42a,ACK,TZD,Acharapakkam,Tozhuppu,South Line (MS-VM),CHENNAI,SR,34,FORWARD,,NOT_AVAILABLE,SR_DATASET,V1,NOT_VERIFIED,SECONDARY_REFERENCE
SEC-TZD-OLA-e0dc11,TZD,OLA,Tozhuppu,Olakkur,South Line (MS-VM),CHENNAI,SR,35,FORWARD,,NOT_AVAILABLE,SR_DATASET,V1,NOT_VERIFIED,SECONDARY_REFERENCE
SEC-OLA-TMV-dade94,OLA,TMV,Olakkur,Tindivanam,South Line (MS-VM),CHENNAI,SR,36,FORWARD,,NOT_AVAILABLE,SR_DATASET,V1,NOT_VERIFIED,SECONDARY_REFERENCE
SEC-TMV-MTL-f58a1f,TMV,MTL,Tindivanam,Mailam,South Line (MS-VM),CHENNAI,SR,37,FORWARD,,NOT_AVAILABLE,SR_DATASET,V1,NOT_VERIFIED,SECONDARY_REFERENCE
SEC-MTL-PEI-d0e919,MTL,PEI,Mailam,Perani,South Line (MS-VM),CHENNAI,SR,38,FORWARD,,NOT_AVAILABLE,SR_DATASET,V1,NOT_VERIFIED,SECONDARY_REFERENCE
SEC-PEI-VV-98829e,PEI,VV,Perani,Vikravandi,South Line (MS-VM),CHENNAI,SR,39,FORWARD,,NOT_AVAILABLE,SR_DATASET,V1,NOT_VERIFIED,SECONDARY_REFERENCE
SEC-MSB-MSF-4c409e,MSB,MSF,Chennai Beach,Chennai Fort,MRTS (MSB-VLCY),CHENNAI,SR,2,FORWARD,,NOT_AVAILABLE,SR_DATASET,V1,NOT_VERIFIED,SECONDARY_REFERENCE
SEC-MSF-MPK-7220a1,MSF,MPK,Chennai Fort,Chennai Park Town,MRTS (MSB-VLCY),CHENNAI,SR,3,FORWARD,,NOT_AVAILABLE,SR_DATASET,V1,NOT_VERIFIED,SECONDARY_REFERENCE
SEC-MPK-MCPT-c0e5ac,MPK,MCPT,Chennai Park Town,Chintadripet,MRTS (MSB-VLCY),CHENNAI,SR,4,FORWARD,,NOT_AVAILABLE,SR_DATASET,V1,NOT_VERIFIED,SECONDARY_REFERENCE
SEC-MCPT-MCPK-0daf7d,MCPT,MCPK,Chintadripet,Chepauk,MRTS (MSB-VLCY),CHENNAI,SR,5,FORWARD,,NOT_AVAILABLE,SR_DATASET,V1,NOT_VERIFIED,SECONDARY_REFERENCE
SEC-MCPK-MTCN-4d461a,MCPK,MTCN,Chepauk,Tirullikeni,MRTS (MSB-VLCY),CHENNAI,SR,6,FORWARD,,NOT_AVAILABLE,SR_DATASET,V1,NOT_VERIFIED,SECONDARY_REFERENCE
SEC-MTCN-MLHS-cb5bc7,MTCN,MLHS,Tirullikeni,Light House,MRTS (MSB-VLCY),CHENNAI,SR,7,FORWARD,,NOT_AVAILABLE,SR_DATASET,V1,NOT_VERIFIED,SECONDARY_REFERENCE
SEC-MLHS-MKAK-b5a0a9,MLHS,MKAK,Light House,Mundakakanni Amman Koil,MRTS (MSB-VLCY),CHENNAI,SR,8,FORWARD,,NOT_AVAILABLE,SR_DATASET,V1,NOT_VERIFIED,SECONDARY_REFERENCE
SEC-MKAK-MTMY-4c2b8a,MKAK,MTMY,Mundakakanni Amman Koil,Thirumayilai,MRTS (MSB-VLCY),CHENNAI,SR,9,FORWARD,,NOT_AVAILABLE,SR_DATASET,V1,NOT_VERIFIED,SECONDARY_REFERENCE
SEC-MTMY-MNDY-f98f1d,MTMY,MNDY,Thirumayilai,Mandaveli,MRTS (MSB-VLCY),CHENNAI,SR,10,FORWARD,,NOT_AVAILABLE,SR_DATASET,V1,NOT_VERIFIED,SECONDARY_REFERENCE
SEC-MNDY-GWYR-81f9b5,MNDY,GWYR,Mandaveli,Greenways Road,MRTS (MSB-VLCY),CHENNAI,SR,11,FORWARD,,NOT_AVAILABLE,SR_DATASET,V1,NOT_VERIFIED,SECONDARY_REFERENCE
SEC-GWYR-KTPM-fbaddf,GWYR,KTPM,Greenways Road,Kotturpuram,MRTS (MSB-VLCY),CHENNAI,SR,12,FORWARD,,NOT_AVAILABLE,SR_DATASET,V1,NOT_VERIFIED,SECONDARY_REFERENCE
SEC-KTPM-KTBR-bd297e,KTPM,KTBR,Kotturpuram,Kasturibai Nagar,MRTS (MSB-VLCY),CHENNAI,SR,13,FORWARD,,NOT_AVAILABLE,SR_DATASET,V1,NOT_VERIFIED,SECONDARY_REFERENCE
SEC-KTBR-INDR-e28f49,KTBR,INDR,Kasturibai Nagar,Indira Nagar,MRTS (MSB-VLCY),CHENNAI,SR,14,FORWARD,,NOT_AVAILABLE,SR_DATASET,V1,NOT_VERIFIED,SECONDARY_REFERENCE
SEC-INDR-TYMR-2abdd3,INDR,TYMR,Indira Nagar,Tiruvanmiyur,MRTS (MSB-VLCY),CHENNAI,SR,15,FORWARD,,NOT_AVAILABLE,SR_DATASET,V1,NOT_VERIFIED,SECONDARY_REFERENCE
SEC-TYMR-TRMN-962be0,TYMR,TRMN,Tiruvanmiyur,Taramani,MRTS (MSB-VLCY),CHENNAI,SR,16,FORWARD,,NOT_AVAILABLE,SR_DATASET,V1,NOT_VERIFIED,SECONDARY_REFERENCE
SEC-TRMN-PRGD-1767e6,TRMN,PRGD,Taramani,Perungudi,MRTS (MSB-VLCY),CHENNAI,SR,17,FORWARD,,NOT_AVAILABLE,SR_DATASET,V1,NOT_VERIFIED,SECONDARY_REFERENCE
SEC-PRGD-VLCY-a62434,PRGD,VLCY,Perungudi,Velachery,MRTS (MSB-VLCY),CHENNAI,SR,18,FORWARD,,NOT_AVAILABLE,SR_DATASET,V1,NOT_VERIFIED,SECONDARY_REFERENCE
SEC-AJJ-TKO-2fea81,AJJ,TKO,Arakkonam Junction,Takkolam,Kanchipuram Line (AJJ-CGL),CHENNAI,SR,2,FORWARD,,NOT_AVAILABLE,SR_DATASET,V1,NOT_VERIFIED,SECONDARY_REFERENCE
SEC-TKO-TMLP-09c1df,TKO,TMLP,Takkolam,Tirumalpur,Kanchipuram Line (AJJ-CGL),CHENNAI,SR,3,FORWARD,,NOT_AVAILABLE,SR_DATASET,V1,NOT_VERIFIED,SECONDARY_REFERENCE
SEC-TMLP-CJ-39d145,TMLP,CJ,Tirumalpur,Kanchipuram,Kanchipuram Line (AJJ-CGL),CHENNAI,SR,4,FORWARD,,NOT_AVAILABLE,SR_DATASET,V1,NOT_VERIFIED,SECONDARY_REFERENCE
SEC-CJ-CJE-600949,CJ,CJE,Kanchipuram,Kanchipuram East,Kanchipuram Line (AJJ-CGL),CHENNAI,SR,5,FORWARD,,NOT_AVAILABLE,SR_DATASET,V1,NOT_VERIFIED,SECONDARY_REFERENCE
SEC-CJE-NTT-e72ab5,CJE,NTT,Kanchipuram East,Nathapettai,Kanchipuram Line (AJJ-CGL),CHENNAI,SR,6,FORWARD,,NOT_AVAILABLE,SR_DATASET,V1,NOT_VERIFIED,SECONDARY_REFERENCE
SEC-NTT-WJ-615222,NTT,WJ,Nathapettai,Walajabad,Kanchipuram Line (AJJ-CGL),CHENNAI,SR,7,FORWARD,,NOT_AVAILABLE,SR_DATASET,V1,NOT_VERIFIED,SECONDARY_REFERENCE
SEC-WJ-PYV-7db430,WJ,PYV,Walajabad,Pazhaya Seevaram,Kanchipuram Line (AJJ-CGL),CHENNAI,SR,8,FORWARD,,NOT_AVAILABLE,SR_DATASET,V1,NOT_VERIFIED,SECONDARY_REFERENCE
SEC-PYV-PALR-e30bb8,PYV,PALR,Pazhaya Seevaram,Palur,Kanchipuram Line (AJJ-CGL),CHENNAI,SR,9,FORWARD,,NOT_AVAILABLE,SR_DATASET,V1,NOT_VERIFIED,SECONDARY_REFERENCE
SEC-PALR-VB-e4a6b9,PALR,VB,Palur,Villiyambakkam,Kanchipuram Line (AJJ-CGL),CHENNAI,SR,10,FORWARD,,NOT_AVAILABLE,SR_DATASET,V1,NOT_VERIFIED,SECONDARY_REFERENCE
SEC-VB-RDY-efbbd6,VB,RDY,Villiyambakkam,Reddipalaiyam,Kanchipuram Line (AJJ-CGL),CHENNAI,SR,11,FORWARD,,NOT_AVAILABLE,SR_DATASET,V1,NOT_VERIFIED,SECONDARY_REFERENCE
SEC-RDY-CGL-62ba64,RDY,CGL,Reddipalaiyam,Chengalpattu Junction,Kanchipuram Line (AJJ-CGL),CHENNAI,SR,12,FORWARD,,NOT_AVAILABLE,SR_DATASET,V1,NOT_VERIFIED,SECONDARY_REFERENCE
SEC-AJJ-TRT-309d62,AJJ,TRT,Arakkonam Junction,Tiruttani,Arakkonam-Renigunta Border,CHENNAI,SR,2,FORWARD,,NOT_AVAILABLE,SR_DATASET,V1,NOT_VERIFIED,SECONDARY_REFERENCE
SEC-TRT-POI-6c6c55,TRT,POI,Tiruttani,Ponpadi,Arakkonam-Renigunta Border,CHENNAI,SR,3,FORWARD,,NOT_AVAILABLE,SR_DATASET,V1,NOT_VERIFIED,SECONDARY_REFERENCE
SEC-POI-VKZ-6a4656,POI,VKZ,Ponpadi,Venkatanarasimharajuvaripeta,Arakkonam-Renigunta Border,CHENNAI,SR,4,FORWARD,,NOT_AVAILABLE,SR_DATASET,V1,NOT_VERIFIED,SECONDARY_REFERENCE
SEC-VKZ-NG-46856b,VKZ,NG,Venkatanarasimharajuvaripeta,Nagari,Arakkonam-Renigunta Border,CHENNAI,SR,5,FORWARD,,NOT_AVAILABLE,SR_DATASET,V1,NOT_VERIFIED,SECONDARY_REFERENCE
SEC-NG-EKM-7a93b8,NG,EKM,Nagari,Ekambarakuppam,Arakkonam-Renigunta Border,CHENNAI,SR,6,FORWARD,,NOT_AVAILABLE,SR_DATASET,V1,NOT_VERIFIED,SECONDARY_REFERENCE
SEC-EKM-VGA-ada108,EKM,VGA,Ekambarakuppam,Vepagunta,Arakkonam-Renigunta Border,CHENNAI,SR,7,FORWARD,,NOT_AVAILABLE,SR_DATASET,V1,NOT_VERIFIED,SECONDARY_REFERENCE
SEC-VGA-PUT-f3118d,VGA,PUT,Vepagunta,Puttur,Arakkonam-Renigunta Border,CHENNAI,SR,8,FORWARD,,NOT_AVAILABLE,SR_DATASET,V1,NOT_VERIFIED,SECONDARY_REFERENCE
SEC-PUT-TDK-335b26,PUT,TDK,Puttur,Taduku,Arakkonam-Renigunta Border,CHENNAI,SR,9,FORWARD,,NOT_AVAILABLE,SR_DATASET,V1,NOT_VERIFIED,SECONDARY_REFERENCE
SEC-TDK-PUDI-82b4b3,TDK,PUDI,Taduku,Pudi,Arakkonam-Renigunta Border,CHENNAI,SR,10,FORWARD,,NOT_AVAILABLE,SR_DATASET,V1,NOT_VERIFIED,SECONDARY_REFERENCE
SEC-JTJ-TPT-00f994,JTJ,TPT,Jolarpettai Junction,Tirupattur,Main Line (JTJ-SA-ED-CBE),SALEM,SR,2,FORWARD,,NOT_AVAILABLE,SR_DATASET,V1,NOT_VERIFIED,SECONDARY_REFERENCE
SEC-TPT-MOLK-2371a3,TPT,MOLK,Tirupattur,Molakarampatti,Main Line (JTJ-SA-ED-CBE),SALEM,SR,3,FORWARD,,NOT_AVAILABLE,SR_DATASET,V1,NOT_VERIFIED,SECONDARY_REFERENCE
SEC-MOLK-KEY-9648ee,MOLK,KEY,Molakarampatti,Kagankarai,Main Line (JTJ-SA-ED-CBE),SALEM,SR,4,FORWARD,,NOT_AVAILABLE,SR_DATASET,V1,NOT_VERIFIED,SECONDARY_REFERENCE
SEC-KEY-KNNT-02a51a,KEY,KNNT,Kagankarai,Kunnathur,Main Line (JTJ-SA-ED-CBE),SALEM,SR,5,FORWARD,,NOT_AVAILABLE,SR_DATASET,V1,NOT_VERIFIED,SECONDARY_REFERENCE
SEC-KNNT-SLY-e966ec,KNNT,SLY,Kunnathur,Samalpatti,Main Line (JTJ-SA-ED-CBE),SALEM,SR,6,FORWARD,,NOT_AVAILABLE,SR_DATASET,V1,NOT_VERIFIED,SECONDARY_REFERENCE
SEC-SLY-DST-ad5e36,SLY,DST,Samalpatti,Dasampatti,Main Line (JTJ-SA-ED-CBE),SALEM,SR,7,FORWARD,,NOT_AVAILABLE,SR_DATASET,V1,NOT_VERIFIED,SECONDARY_REFERENCE
SEC-DST-DPI-73ea3b,DST,DPI,Dasampatti,Doddampatti,Main Line (JTJ-SA-ED-CBE),SALEM,SR,8,FORWARD,,NOT_AVAILABLE,SR_DATASET,V1,NOT_VERIFIED,SECONDARY_REFERENCE
SEC-DPI-MAP-3a5d69,DPI,MAP,Doddampatti,Morappur,Main Line (JTJ-SA-ED-CBE),SALEM,SR,9,FORWARD,,NOT_AVAILABLE,SR_DATASET,V1,NOT_VERIFIED,SECONDARY_REFERENCE
SEC-MAP-TNGR-3e10c3,MAP,TNGR,Morappur,Thonganur,Main Line (JTJ-SA-ED-CBE),SALEM,SR,10,FORWARD,,NOT_AVAILABLE,SR_DATASET,V1,NOT_VERIFIED,SECONDARY_REFERENCE
SEC-TNGR-BDY-7363f9,TNGR,BDY,Thonganur,Buddireddipatti,Main Line (JTJ-SA-ED-CBE),SALEM,SR,11,FORWARD,,NOT_AVAILABLE,SR_DATASET,V1,NOT_VERIFIED,SECONDARY_REFERENCE
SEC-BDY-BQI-6517a6,BDY,BQI,Buddireddipatti,Bommidi,Main Line (JTJ-SA-ED-CBE),SALEM,SR,12,FORWARD,,NOT_AVAILABLE,SR_DATASET,V1,NOT_VERIFIED,SECONDARY_REFERENCE
SEC-BQI-LCR-076b88,BQI,LCR,Bommidi,Lokur,Main Line (JTJ-SA-ED-CBE),SALEM,SR,13,FORWARD,,NOT_AVAILABLE,SR_DATASET,V1,NOT_VERIFIED,SECONDARY_REFERENCE
SEC-LCR-DSPT-961772,LCR,DSPT,Lokur,Danishpet,Main Line (JTJ-SA-ED-CBE),SALEM,SR,14,FORWARD,,NOT_AVAILABLE,SR_DATASET,V1,NOT_VERIFIED,SECONDARY_REFERENCE
SEC-DSPT-TNT-b2d229,DSPT,TNT,Danishpet,Tinnappatti,Main Line (JTJ-SA-ED-CBE),SALEM,SR,15,FORWARD,,NOT_AVAILABLE,SR_DATASET,V1,NOT_VERIFIED,SECONDARY_REFERENCE
SEC-TNT-KPPR-e040a8,TNT,KPPR,Tinnappatti,Karuppur,Main Line (JTJ-SA-ED-CBE),SALEM,SR,16,FORWARD,,NOT_AVAILABLE,SR_DATASET,V1,NOT_VERIFIED,SECONDARY_REFERENCE
SEC-KPPR-MGSJ-1b1acd,KPPR,MGSJ,Karuppur,Magnesite Junction,Main Line (JTJ-SA-ED-CBE),SALEM,SR,17,FORWARD,,NOT_AVAILABLE,SR_DATASET,V1,NOT_VERIFIED,SECONDARY_REFERENCE
SEC-MGSJ-SA-d48cc0,MGSJ,SA,Magnesite Junction,Salem Junction,Main Line (JTJ-SA-ED-CBE),SALEM,SR,18,FORWARD,,NOT_AVAILABLE,SR_DATASET,V1,NOT_VERIFIED,SECONDARY_REFERENCE
SEC-SA-NEA-3e4b43,SA,NEA,Salem Junction,Neykkarapatti,Main Line (JTJ-SA-ED-CBE),SALEM,SR,19,FORWARD,,NOT_AVAILABLE,SR_DATASET,V1,NOT_VERIFIED,SECONDARY_REFERENCE
SEC-NEA-VRPD-b0fb65,NEA,VRPD,Neykkarapatti,Virapandy Road,Main Line (JTJ-SA-ED-CBE),SALEM,SR,20,FORWARD,,NOT_AVAILABLE,SR_DATASET,V1,NOT_VERIFIED,SECONDARY_REFERENCE
SEC-VRPD-DC-108aeb,VRPD,DC,Virapandy Road,Magudanchavadi,Main Line (JTJ-SA-ED-CBE),SALEM,SR,21,FORWARD,,NOT_AVAILABLE,SR_DATASET,V1,NOT_VERIFIED,SECONDARY_REFERENCE
SEC-DC-MVPM-99da55,DC,MVPM,Magudanchavadi,Mavelipalayam,Main Line (JTJ-SA-ED-CBE),SALEM,SR,22,FORWARD,,NOT_AVAILABLE,SR_DATASET,V1,NOT_VERIFIED,SECONDARY_REFERENCE
SEC-MVPM-SGE-35c629,MVPM,SGE,Mavelipalayam,Sankaridurg,Main Line (JTJ-SA-ED-CBE),SALEM,SR,23,FORWARD,,NOT_AVAILABLE,SR_DATASET,V1,NOT_VERIFIED,SECONDARY_REFERENCE
SEC-SGE-ANU-cc3639,SGE,ANU,Sankaridurg,Anangur,Main Line (JTJ-SA-ED-CBE),SALEM,SR,24,FORWARD,,NOT_AVAILABLE,SR_DATASET,V1,NOT_VERIFIED,SECONDARY_REFERENCE
SEC-ANU-CV-f579d8,ANU,CV,Anangur,Cauvery,Main Line (JTJ-SA-ED-CBE),SALEM,SR,25,FORWARD,,NOT_AVAILABLE,SR_DATASET,V1,NOT_VERIFIED,SECONDARY_REFERENCE
SEC-CV-ED-9eb2f7,CV,ED,Cauvery,Erode Junction,Main Line (JTJ-SA-ED-CBE),SALEM,SR,26,FORWARD,,NOT_AVAILABLE,SR_DATASET,V1,NOT_VERIFIED,SECONDARY_REFERENCE
SEC-ED-TPM-4c3ad3,ED,TPM,Erode Junction,Totiyapalayam,Main Line (JTJ-SA-ED-CBE),SALEM,SR,27,FORWARD,,NOT_AVAILABLE,SR_DATASET,V1,NOT_VERIFIED,SECONDARY_REFERENCE
SEC-TPM-PY-a81f05,TPM,PY,Totiyapalayam,Perundurai,Main Line (JTJ-SA-ED-CBE),SALEM,SR,28,FORWARD,,NOT_AVAILABLE,SR_DATASET,V1,NOT_VERIFIED,SECONDARY_REFERENCE
SEC-PY-IGR-f941cb,PY,IGR,Perundurai,Ingur,Main Line (JTJ-SA-ED-CBE),SALEM,SR,29,FORWARD,,NOT_AVAILABLE,SR_DATASET,V1,NOT_VERIFIED,SECONDARY_REFERENCE
SEC-IGR-VZ-17f8e1,IGR,VZ,Ingur,Vijayamangalam,Main Line (JTJ-SA-ED-CBE),SALEM,SR,30,FORWARD,,NOT_AVAILABLE,SR_DATASET,V1,NOT_VERIFIED,SECONDARY_REFERENCE
SEC-VZ-UKL-bbf415,VZ,UKL,Vijayamangalam,Uttukuli,Main Line (JTJ-SA-ED-CBE),SALEM,SR,31,FORWARD,,NOT_AVAILABLE,SR_DATASET,V1,NOT_VERIFIED,SECONDARY_REFERENCE
SEC-UKL-KUY-ed7b42,UKL,KUY,Uttukuli,Kulipalayam,Main Line (JTJ-SA-ED-CBE),SALEM,SR,32,FORWARD,,NOT_AVAILABLE,SR_DATASET,V1,NOT_VERIFIED,SECONDARY_REFERENCE
SEC-KUY-TUP-ef57ae,KUY,TUP,Kulipalayam,Tiruppur,Main Line (JTJ-SA-ED-CBE),SALEM,SR,33,FORWARD,,NOT_AVAILABLE,SR_DATASET,V1,NOT_VERIFIED,SECONDARY_REFERENCE
SEC-TUP-VNJ-80b62e,TUP,VNJ,Tiruppur,Vanjipalayam,Main Line (JTJ-SA-ED-CBE),SALEM,SR,34,FORWARD,,NOT_AVAILABLE,SR_DATASET,V1,NOT_VERIFIED,SECONDARY_REFERENCE
SEC-VNJ-SNO-cb8550,VNJ,SNO,Vanjipalayam,Somanur,Main Line (JTJ-SA-ED-CBE),SALEM,SR,35,FORWARD,,NOT_AVAILABLE,SR_DATASET,V1,NOT_VERIFIED,SECONDARY_REFERENCE
SEC-SNO-SUU-fc718e,SNO,SUU,Somanur,Sulur Road,Main Line (JTJ-SA-ED-CBE),SALEM,SR,36,FORWARD,,NOT_AVAILABLE,SR_DATASET,V1,NOT_VERIFIED,SECONDARY_REFERENCE
SEC-SUU-IGU-0acb64,SUU,IGU,Sulur Road,Irugur Junction,Main Line (JTJ-SA-ED-CBE),SALEM,SR,37,FORWARD,,NOT_AVAILABLE,SR_DATASET,V1,NOT_VERIFIED,SECONDARY_REFERENCE
SEC-IGU-SIH-3e265b,IGU,SIH,Irugur Junction,Singanallur,Main Line (JTJ-SA-ED-CBE),SALEM,SR,38,FORWARD,,NOT_AVAILABLE,SR_DATASET,V1,NOT_VERIFIED,SECONDARY_REFERENCE
SEC-SIH-PLMD-c32fd5,SIH,PLMD,Singanallur,Pilamedu,Main Line (JTJ-SA-ED-CBE),SALEM,SR,39,FORWARD,,NOT_AVAILABLE,SR_DATASET,V1,NOT_VERIFIED,SECONDARY_REFERENCE
SEC-PLMD-CBF-d3ef82,PLMD,CBF,Pilamedu,Coimbatore North Junction,Main Line (JTJ-SA-ED-CBE),SALEM,SR,40,FORWARD,,NOT_AVAILABLE,SR_DATASET,V1,NOT_VERIFIED,SECONDARY_REFERENCE
SEC-CBF-CBE-877ede,CBF,CBE,Coimbatore North Junction,Coimbatore Junction,Main Line (JTJ-SA-ED-CBE),SALEM,SR,41,FORWARD,,NOT_AVAILABLE,SR_DATASET,V1,NOT_VERIFIED,SECONDARY_REFERENCE
SEC-SA-MALR-e17216,SA,MALR,Salem Junction,Mallur,Salem-Namakkal-Karur-Dindigul,SALEM,SR,2,FORWARD,,NOT_AVAILABLE,SR_DATASET,V1,NOT_VERIFIED,SECONDARY_REFERENCE
SEC-MALR-RASP-665d05,MALR,RASP,Mallur,Rasipuram,Salem-Namakkal-Karur-Dindigul,SALEM,SR,3,FORWARD,,NOT_AVAILABLE,SR_DATASET,V1,NOT_VERIFIED,SECONDARY_REFERENCE
SEC-RASP-KLGN-b992d3,RASP,KLGN,Rasipuram,Kalangani,Salem-Namakkal-Karur-Dindigul,SALEM,SR,4,FORWARD,,NOT_AVAILABLE,SR_DATASET,V1,NOT_VERIFIED,SECONDARY_REFERENCE
SEC-KLGN-NMKL-caa945,KLGN,NMKL,Kalangani,Namakkal,Salem-Namakkal-Karur-Dindigul,SALEM,SR,5,FORWARD,,NOT_AVAILABLE,SR_DATASET,V1,NOT_VERIFIED,SECONDARY_REFERENCE
SEC-NMKL-MONR-a78d25,NMKL,MONR,Namakkal,Mohanur,Salem-Namakkal-Karur-Dindigul,SALEM,SR,6,FORWARD,,NOT_AVAILABLE,SR_DATASET,V1,NOT_VERIFIED,SECONDARY_REFERENCE
SEC-MONR-VNGL-b04848,MONR,VNGL,Mohanur,Vangal,Salem-Namakkal-Karur-Dindigul,SALEM,SR,7,FORWARD,,NOT_AVAILABLE,SR_DATASET,V1,NOT_VERIFIED,SECONDARY_REFERENCE
SEC-VNGL-KRR-65c25f,VNGL,KRR,Vangal,Karur Junction,Salem-Namakkal-Karur-Dindigul,SALEM,SR,8,FORWARD,,NOT_AVAILABLE,SR_DATASET,V1,NOT_VERIFIED,SECONDARY_REFERENCE
SEC-KRR-VEI-c132dd,KRR,VEI,Karur Junction,Velliyanai,Salem-Namakkal-Karur-Dindigul,SALEM,SR,9,FORWARD,,NOT_AVAILABLE,SR_DATASET,V1,NOT_VERIFIED,SECONDARY_REFERENCE
SEC-VEI-PALM-543cae,VEI,PALM,Velliyanai,Palaiyam,Salem-Namakkal-Karur-Dindigul,SALEM,SR,10,FORWARD,,NOT_AVAILABLE,SR_DATASET,V1,NOT_VERIFIED,SECONDARY_REFERENCE
SEC-PALM-ERI-a91bf3,PALM,ERI,Palaiyam,Eriodu,Salem-Namakkal-Karur-Dindigul,SALEM,SR,11,FORWARD,,NOT_AVAILABLE,SR_DATASET,V1,NOT_VERIFIED,SECONDARY_REFERENCE
SEC-ERI-DG-c2c0e1,ERI,DG,Eriodu,Dindigul Junction,Salem-Namakkal-Karur-Dindigul,SALEM,SR,12,FORWARD,,NOT_AVAILABLE,SR_DATASET,V1,NOT_VERIFIED,SECONDARY_REFERENCE
SEC-ED-CVD-a8e2ad,ED,CVD,Erode Junction,Chavadipalaiyam,Erode-Trichy via Karur,SALEM,SR,2,FORWARD,,NOT_AVAILABLE,SR_DATASET,V1,NOT_VERIFIED,SECONDARY_REFERENCE
SEC-CVD-PAS-6348b0,CVD,PAS,Chavadipalaiyam,Pasur,Erode-Trichy via Karur,SALEM,SR,3,FORWARD,,NOT_AVAILABLE,SR_DATASET,V1,NOT_VERIFIED,SECONDARY_REFERENCE
SEC-PAS-URL-bf1d7f,PAS,URL,Pasur,Unjalur,Erode-Trichy via Karur,SALEM,SR,4,FORWARD,,NOT_AVAILABLE,SR_DATASET,V1,NOT_VERIFIED,SECONDARY_REFERENCE
SEC-URL-KMD-e1bef0,URL,KMD,Unjalur,Kodumudi,Erode-Trichy via Karur,SALEM,SR,5,FORWARD,,NOT_AVAILABLE,SR_DATASET,V1,NOT_VERIFIED,SECONDARY_REFERENCE
SEC-KMD-PGR-2d5e21,KMD,PGR,Kodumudi,Pugalur,Erode-Trichy via Karur,SALEM,SR,6,FORWARD,,NOT_AVAILABLE,SR_DATASET,V1,NOT_VERIFIED,SECONDARY_REFERENCE
SEC-PGR-MPLM-2ae8d7,PGR,MPLM,Pugalur,Murthipalayam,Erode-Trichy via Karur,SALEM,SR,7,FORWARD,,NOT_AVAILABLE,SR_DATASET,V1,NOT_VERIFIED,SECONDARY_REFERENCE
SEC-MPLM-KRR-3fe160,MPLM,KRR,Murthipalayam,Karur Junction,Erode-Trichy via Karur,SALEM,SR,8,FORWARD,,NOT_AVAILABLE,SR_DATASET,V1,NOT_VERIFIED,SECONDARY_REFERENCE
SEC-KRR-VRQ-b9d5c1,KRR,VRQ,Karur Junction,Virarakkiyam,Erode-Trichy via Karur,SALEM,SR,9,FORWARD,,NOT_AVAILABLE,SR_DATASET,V1,NOT_VERIFIED,SECONDARY_REFERENCE
SEC-VRQ-MYU-f73112,VRQ,MYU,Virarakkiyam,Mayanoor,Erode-Trichy via Karur,SALEM,SR,10,FORWARD,,NOT_AVAILABLE,SR_DATASET,V1,NOT_VERIFIED,SECONDARY_REFERENCE
SEC-MYU-SEV-7853b1,MYU,SEV,Mayanoor,Sithalavai,Erode-Trichy via Karur,SALEM,SR,11,FORWARD,,NOT_AVAILABLE,SR_DATASET,V1,NOT_VERIFIED,SECONDARY_REFERENCE
SEC-SEV-MMH-5e5368,SEV,MMH,Sithalavai,Mahadanapuram,Erode-Trichy via Karur,SALEM,SR,12,FORWARD,,NOT_AVAILABLE,SR_DATASET,V1,NOT_VERIFIED,SECONDARY_REFERENCE
SEC-MMH-LP-7bc97f,MMH,LP,Mahadanapuram,Lalapet,Erode-Trichy via Karur,SALEM,SR,13,FORWARD,,NOT_AVAILABLE,SR_DATASET,V1,NOT_VERIFIED,SECONDARY_REFERENCE
SEC-LP-TIC-c45d84,LP,TIC,Lalapet,Timmachipuram,Erode-Trichy via Karur,SALEM,SR,14,FORWARD,,NOT_AVAILABLE,SR_DATASET,V1,NOT_VERIFIED,SECONDARY_REFERENCE
SEC-TIC-KLT-0d1abe,TIC,KLT,Timmachipuram,Kulitalai,Erode-Trichy via Karur,SALEM,SR,15,FORWARD,,NOT_AVAILABLE,SR_DATASET,V1,NOT_VERIFIED,SECONDARY_REFERENCE
SEC-KLT-PLI-bf2b34,KLT,PLI,Kulitalai,Pettaivaytalai,Erode-Trichy via Karur,SALEM,SR,16,FORWARD,,NOT_AVAILABLE,SR_DATASET,V1,NOT_VERIFIED,SECONDARY_REFERENCE
SEC-PLI-PGN-96c44f,PLI,PGN,Pettaivaytalai,Perugamani,Erode-Trichy via Karur,SALEM,SR,17,FORWARD,,NOT_AVAILABLE,SR_DATASET,V1,NOT_VERIFIED,SECONDARY_REFERENCE
SEC-PGN-EL-9ccdd7,PGN,EL,Perugamani,Elamanur,Erode-Trichy via Karur,SALEM,SR,18,FORWARD,,NOT_AVAILABLE,SR_DATASET,V1,NOT_VERIFIED,SECONDARY_REFERENCE
SEC-EL-JPM-c0d1ca,EL,JPM,Elamanur,Jiyapuram,Erode-Trichy via Karur,SALEM,SR,19,FORWARD,,NOT_AVAILABLE,SR_DATASET,V1,NOT_VERIFIED,SECONDARY_REFERENCE
SEC-JPM-MTNL-6be956,JPM,MTNL,Jiyapuram,Muttarasanallur,Erode-Trichy via Karur,SALEM,SR,20,FORWARD,,NOT_AVAILABLE,SR_DATASET,V1,NOT_VERIFIED,SECONDARY_REFERENCE
SEC-MTNL-TP-e88765,MTNL,TP,Muttarasanallur,Tiruchirappalli Fort,Erode-Trichy via Karur,SALEM,SR,21,FORWARD,,NOT_AVAILABLE,SR_DATASET,V1,NOT_VERIFIED,SECONDARY_REFERENCE
SEC-TP-TPE-0427d4,TP,TPE,Tiruchirappalli Fort,Tiruchchirappalli Palakkarai,Erode-Trichy via Karur,SALEM,SR,22,FORWARD,,NOT_AVAILABLE,SR_DATASET,V1,NOT_VERIFIED,SECONDARY_REFERENCE
SEC-TPE-TPJ-34f84b,TPE,TPJ,Tiruchchirappalli Palakkarai,Tiruchirappalli Junction,Erode-Trichy via Karur,SALEM,SR,23,FORWARD,,NOT_AVAILABLE,SR_DATASET,V1,NOT_VERIFIED,SECONDARY_REFERENCE
SEC-SA-SXT-32a02f,SA,SXT,Salem Junction,Salem Town,Salem-Vridhachalam,SALEM,SR,2,FORWARD,,NOT_AVAILABLE,SR_DATASET,V1,NOT_VERIFIED,SECONDARY_REFERENCE
SEC-SXT-APN-c7ee4e,SXT,APN,Salem Town,Ayodhyapattanam,Salem-Vridhachalam,SALEM,SR,3,FORWARD,,NOT_AVAILABLE,SR_DATASET,V1,NOT_VERIFIED,SECONDARY_REFERENCE
SEC-APN-MPL-4c8d2b,APN,MPL,Ayodhyapattanam,Minnampalli,Salem-Vridhachalam,SALEM,SR,4,FORWARD,,NOT_AVAILABLE,SR_DATASET,V1,NOT_VERIFIED,SECONDARY_REFERENCE
SEC-MPL-VGE-f48d58,MPL,VGE,Minnampalli,Valappadi Gate,Salem-Vridhachalam,SALEM,SR,5,FORWARD,,NOT_AVAILABLE,SR_DATASET,V1,NOT_VERIFIED,SECONDARY_REFERENCE
SEC-VGE-ETP-d8dd60,VGE,ETP,Valappadi Gate,Ettapur Road,Salem-Vridhachalam,SALEM,SR,6,FORWARD,,NOT_AVAILABLE,SR_DATASET,V1,NOT_VERIFIED,SECONDARY_REFERENCE
SEC-ETP-PDKM-f14244,ETP,PDKM,Ettapur Road,Pedanayakanpalayam,Salem-Vridhachalam,SALEM,SR,7,FORWARD,,NOT_AVAILABLE,SR_DATASET,V1,NOT_VERIFIED,SECONDARY_REFERENCE
SEC-PDKM-ATU-7dc071,PDKM,ATU,Pedanayakanpalayam,Attur,Salem-Vridhachalam,SALEM,SR,8,FORWARD,,NOT_AVAILABLE,SR_DATASET,V1,NOT_VERIFIED,SECONDARY_REFERENCE
SEC-ATU-TVS-24495c,ATU,TVS,Attur,Talaivasal,Salem-Vridhachalam,SALEM,SR,9,FORWARD,,NOT_AVAILABLE,SR_DATASET,V1,NOT_VERIFIED,SECONDARY_REFERENCE
SEC-TVS-MLYR-95b96a,TVS,MLYR,Talaivasal,Melnariyappanur,Salem-Vridhachalam,SALEM,SR,10,FORWARD,,NOT_AVAILABLE,SR_DATASET,V1,NOT_VERIFIED,SECONDARY_REFERENCE
SEC-MLYR-CHSM-3ec7c6,MLYR,CHSM,Melnariyappanur,Chinna Salem,Salem-Vridhachalam,SALEM,SR,11,FORWARD,,NOT_AVAILABLE,SR_DATASET,V1,NOT_VERIFIED,SECONDARY_REFERENCE
SEC-CHSM-SRVT-dba6d8,CHSM,SRVT,Chinna Salem,Siruvattur,Salem-Vridhachalam,SALEM,SR,12,FORWARD,,NOT_AVAILABLE,SR_DATASET,V1,NOT_VERIFIED,SECONDARY_REFERENCE
SEC-SRVT-PRV-41fc99,SRVT,PRV,Siruvattur,Pukkiravari,Salem-Vridhachalam,SALEM,SR,13,FORWARD,,NOT_AVAILABLE,SR_DATASET,V1,NOT_VERIFIED,SECONDARY_REFERENCE
SEC-PRV-KKTI-50079d,PRV,KKTI,Pukkiravari,Kuttakudi,Salem-Vridhachalam,SALEM,SR,14,FORWARD,,NOT_AVAILABLE,SR_DATASET,V1,NOT_VERIFIED,SECONDARY_REFERENCE
SEC-KKTI-MKSP-550812,KKTI,MKSP,Kuttakudi,Mukhasaparur,Salem-Vridhachalam,SALEM,SR,15,FORWARD,,NOT_AVAILABLE,SR_DATASET,V1,NOT_VERIFIED,SECONDARY_REFERENCE
SEC-MKSP-VRI-6c835f,MKSP,VRI,Mukhasaparur,Vridhachalam Junction,Salem-Vridhachalam,SALEM,SR,16,FORWARD,,NOT_AVAILABLE,SR_DATASET,V1,NOT_VERIFIED,SECONDARY_REFERENCE
SEC-SA-OML-82f6b1,SA,OML,Salem Junction,Omalur Junction,Salem-KSR Bengaluru (via DPJ),SALEM,SR,2,FORWARD,11.0,AVAILABLE,SR_DATASET,V1,NOT_VERIFIED,SECONDARY_REFERENCE
SEC-OML-TGN-3cdbcb,OML,TGN,Omalur Junction,Tholasampatti,Salem-KSR Bengaluru (via DPJ),SALEM,SR,3,FORWARD,19.0,AVAILABLE,SR_DATASET,V1,NOT_VERIFIED,SECONDARY_REFERENCE
SEC-TGN-TOP-fe2a54,TGN,TOP,Tholasampatti,Toppur,Salem-KSR Bengaluru (via DPJ),SALEM,SR,4,FORWARD,34.0,AVAILABLE,SR_DATASET,V1,NOT_VERIFIED,SECONDARY_REFERENCE
SEC-TOP-DPJ-cce59e,TOP,DPJ,Toppur,Dharmappuri,Salem-KSR Bengaluru (via DPJ),SALEM,SR,5,FORWARD,66.0,AVAILABLE,SR_DATASET,V1,NOT_VERIFIED,SECONDARY_REFERENCE
SEC-DPJ-PCV-e07e04,DPJ,PCV,Dharmappuri,Palakkodu,Salem-KSR Bengaluru (via DPJ),SALEM,SR,6,FORWARD,92.0,AVAILABLE,SR_DATASET,V1,NOT_VERIFIED,SECONDARY_REFERENCE
SEC-PCV-RYC-74f0f2,PCV,RYC,Palakkodu,Rayakottai,Salem-KSR Bengaluru (via DPJ),SALEM,SR,7,FORWARD,124.0,AVAILABLE,SR_DATASET,V1,NOT_VERIFIED,SECONDARY_REFERENCE
SEC-RYC-HSRA-7dcc8e,RYC,HSRA,Rayakottai,Hosur,Salem-KSR Bengaluru (via DPJ),SALEM,SR,8,FORWARD,159.0,AVAILABLE,SR_DATASET,V1,NOT_VERIFIED,SECONDARY_REFERENCE
SEC-HSRA-AQL-b869ea,HSRA,AQL,Hosur,Anekal Road,Salem-KSR Bengaluru (via DPJ),SALEM,SR,9,FORWARD,173.0,AVAILABLE,SR_DATASET,V1,NOT_VERIFIED,SECONDARY_REFERENCE
SEC-AQL-HLE-5413e6,AQL,HLE,Anekal Road,Heelalige,Salem-KSR Bengaluru (via DPJ),SALEM,SR,10,FORWARD,183.0,AVAILABLE,SR_DATASET,V1,NOT_VERIFIED,SECONDARY_REFERENCE
SEC-HLE-CRLM-aa23c6,HLE,CRLM,Heelalige,Carmelaram,Salem-KSR Bengaluru (via DPJ),SALEM,SR,11,FORWARD,193.0,AVAILABLE,SR_DATASET,V1,NOT_VERIFIED,SECONDARY_REFERENCE
SEC-CRLM-BYPL-561d71,CRLM,BYPL,Carmelaram,Baiyappanahalli,Salem-KSR Bengaluru (via DPJ),SALEM,SR,12,FORWARD,200.0,AVAILABLE,SR_DATASET,V1,NOT_VERIFIED,SECONDARY_REFERENCE
SEC-BYPL-BNCE-0a4819,BYPL,BNCE,Baiyappanahalli,Bengaluru East,Salem-KSR Bengaluru (via DPJ),SALEM,SR,13,FORWARD,203.0,AVAILABLE,SR_DATASET,V1,NOT_VERIFIED,SECONDARY_REFERENCE
SEC-BNCE-BNC-ed886d,BNCE,BNC,Bengaluru East,Bengaluru Cantt.,Salem-KSR Bengaluru (via DPJ),SALEM,SR,14,FORWARD,205.0,AVAILABLE,SR_DATASET,V1,NOT_VERIFIED,SECONDARY_REFERENCE
SEC-BNC-SBC-21ce59,BNC,SBC,Bengaluru Cantt.,KSR Bengaluru City,Salem-KSR Bengaluru (via DPJ),SALEM,SR,15,FORWARD,209.0,AVAILABLE,SR_DATASET,V1,NOT_VERIFIED,SECONDARY_REFERENCE
SEC-SA-OML-d08722,SA,OML,Salem Junction,Omalur Junction,Salem-SMVT Bengaluru (via DPJ),SALEM,SR,2,FORWARD,11.0,AVAILABLE,SR_DATASET,V1,NOT_VERIFIED,SECONDARY_REFERENCE
SEC-OML-TGN-31b912,OML,TGN,Omalur Junction,Tholasampatti,Salem-SMVT Bengaluru (via DPJ),SALEM,SR,3,FORWARD,19.0,AVAILABLE,SR_DATASET,V1,NOT_VERIFIED,SECONDARY_REFERENCE
SEC-TGN-TOP-cabac9,TGN,TOP,Tholasampatti,Toppur,Salem-SMVT Bengaluru (via DPJ),SALEM,SR,4,FORWARD,34.0,AVAILABLE,SR_DATASET,V1,NOT_VERIFIED,SECONDARY_REFERENCE
SEC-TOP-DPJ-4b0dd7,TOP,DPJ,Toppur,Dharmappuri,Salem-SMVT Bengaluru (via DPJ),SALEM,SR,5,FORWARD,66.0,AVAILABLE,SR_DATASET,V1,NOT_VERIFIED,SECONDARY_REFERENCE
SEC-DPJ-PCV-f16745,DPJ,PCV,Dharmappuri,Palakkodu,Salem-SMVT Bengaluru (via DPJ),SALEM,SR,6,FORWARD,92.0,AVAILABLE,SR_DATASET,V1,NOT_VERIFIED,SECONDARY_REFERENCE
SEC-PCV-RYC-e907ea,PCV,RYC,Palakkodu,Rayakottai,Salem-SMVT Bengaluru (via DPJ),SALEM,SR,7,FORWARD,124.0,AVAILABLE,SR_DATASET,V1,NOT_VERIFIED,SECONDARY_REFERENCE
SEC-RYC-HSRA-5506d2,RYC,HSRA,Rayakottai,Hosur,Salem-SMVT Bengaluru (via DPJ),SALEM,SR,8,FORWARD,159.0,AVAILABLE,SR_DATASET,V1,NOT_VERIFIED,SECONDARY_REFERENCE
SEC-HSRA-AQL-d657ab,HSRA,AQL,Hosur,Anekal Road,Salem-SMVT Bengaluru (via DPJ),SALEM,SR,9,FORWARD,173.0,AVAILABLE,SR_DATASET,V1,NOT_VERIFIED,SECONDARY_REFERENCE
SEC-AQL-HLE-6c46a0,AQL,HLE,Anekal Road,Heelalige,Salem-SMVT Bengaluru (via DPJ),SALEM,SR,10,FORWARD,183.0,AVAILABLE,SR_DATASET,V1,NOT_VERIFIED,SECONDARY_REFERENCE
SEC-HLE-CRLM-a60f30,HLE,CRLM,Heelalige,Carmelaram,Salem-SMVT Bengaluru (via DPJ),SALEM,SR,11,FORWARD,193.0,AVAILABLE,SR_DATASET,V1,NOT_VERIFIED,SECONDARY_REFERENCE
SEC-CRLM-BYPL-18ea66,CRLM,BYPL,Carmelaram,Baiyappanahalli,Salem-SMVT Bengaluru (via DPJ),SALEM,SR,12,FORWARD,200.0,AVAILABLE,SR_DATASET,V1,NOT_VERIFIED,SECONDARY_REFERENCE
SEC-BYPL-SMVB-b90985,BYPL,SMVB,Baiyappanahalli,SMVT Bengaluru,Salem-SMVT Bengaluru (via DPJ),SALEM,SR,13,FORWARD,211.0,AVAILABLE,SR_DATASET,V1,NOT_VERIFIED,SECONDARY_REFERENCE
SEC-SA-OML-40213d,SA,OML,Salem Junction,Omalur Junction,Salem-Yesvantpur (via DPJ),SALEM,SR,2,FORWARD,11.0,AVAILABLE,SR_DATASET,V1,NOT_VERIFIED,SECONDARY_REFERENCE
SEC-OML-TGN-449890,OML,TGN,Omalur Junction,Tholasampatti,Salem-Yesvantpur (via DPJ),SALEM,SR,3,FORWARD,19.0,AVAILABLE,SR_DATASET,V1,NOT_VERIFIED,SECONDARY_REFERENCE
SEC-TGN-TOP-cf4ac4,TGN,TOP,Tholasampatti,Toppur,Salem-Yesvantpur (via DPJ),SALEM,SR,4,FORWARD,34.0,AVAILABLE,SR_DATASET,V1,NOT_VERIFIED,SECONDARY_REFERENCE
SEC-TOP-DPJ-c83938,TOP,DPJ,Toppur,Dharmappuri,Salem-Yesvantpur (via DPJ),SALEM,SR,5,FORWARD,66.0,AVAILABLE,SR_DATASET,V1,NOT_VERIFIED,SECONDARY_REFERENCE
SEC-DPJ-PCV-a0e7c1,DPJ,PCV,Dharmappuri,Palakkodu,Salem-Yesvantpur (via DPJ),SALEM,SR,6,FORWARD,92.0,AVAILABLE,SR_DATASET,V1,NOT_VERIFIED,SECONDARY_REFERENCE
SEC-PCV-RYC-f3bbb0,PCV,RYC,Palakkodu,Rayakottai,Salem-Yesvantpur (via DPJ),SALEM,SR,7,FORWARD,124.0,AVAILABLE,SR_DATASET,V1,NOT_VERIFIED,SECONDARY_REFERENCE
SEC-RYC-HSRA-5fa8a1,RYC,HSRA,Rayakottai,Hosur,Salem-Yesvantpur (via DPJ),SALEM,SR,8,FORWARD,159.0,AVAILABLE,SR_DATASET,V1,NOT_VERIFIED,SECONDARY_REFERENCE
SEC-HSRA-AQL-1cf16b,HSRA,AQL,Hosur,Anekal Road,Salem-Yesvantpur (via DPJ),SALEM,SR,9,FORWARD,173.0,AVAILABLE,SR_DATASET,V1,NOT_VERIFIED,SECONDARY_REFERENCE
SEC-AQL-HLE-678c2c,AQL,HLE,Anekal Road,Heelalige,Salem-Yesvantpur (via DPJ),SALEM,SR,10,FORWARD,183.0,AVAILABLE,SR_DATASET,V1,NOT_VERIFIED,SECONDARY_REFERENCE
SEC-HLE-CRLM-8d5bdf,HLE,CRLM,Heelalige,Carmelaram,Salem-Yesvantpur (via DPJ),SALEM,SR,11,FORWARD,193.0,AVAILABLE,SR_DATASET,V1,NOT_VERIFIED,SECONDARY_REFERENCE
SEC-CRLM-BYPL-aeb6b4,CRLM,BYPL,Carmelaram,Baiyappanahalli,Salem-Yesvantpur (via DPJ),SALEM,SR,12,FORWARD,200.0,AVAILABLE,SR_DATASET,V1,NOT_VERIFIED,SECONDARY_REFERENCE
SEC-BYPL-BNCE-a6bfbb,BYPL,BNCE,Baiyappanahalli,Bengaluru East,Salem-Yesvantpur (via DPJ),SALEM,SR,13,FORWARD,203.0,AVAILABLE,SR_DATASET,V1,NOT_VERIFIED,SECONDARY_REFERENCE
SEC-BNCE-BNC-9b6fe1,BNCE,BNC,Bengaluru East,Bengaluru Cantt.,Salem-Yesvantpur (via DPJ),SALEM,SR,14,FORWARD,205.0,AVAILABLE,SR_DATASET,V1,NOT_VERIFIED,SECONDARY_REFERENCE
SEC-BNC-YPR-f3dab9,BNC,YPR,Bengaluru Cantt.,Yesvantpur Junction,Salem-Yesvantpur (via DPJ),SALEM,SR,15,FORWARD,215.0,AVAILABLE,SR_DATASET,V1,NOT_VERIFIED,SECONDARY_REFERENCE
SEC-SA-OML-7768bc,SA,OML,Salem Junction,Omalur Junction,Salem-Mettur Dam,SALEM,SR,2,FORWARD,11.0,AVAILABLE,SR_DATASET,V1,NOT_VERIFIED,SECONDARY_REFERENCE
SEC-OML-MCRD-e3e371,OML,MCRD,Omalur Junction,Mecheri Road,Salem-Mettur Dam,SALEM,SR,3,FORWARD,27.0,AVAILABLE,SR_DATASET,V1,NOT_VERIFIED,SECONDARY_REFERENCE
SEC-MCRD-MTDM-2acbe7,MCRD,MTDM,Mecheri Road,Mettur Dam,Salem-Mettur Dam,SALEM,SR,4,FORWARD,40.0,AVAILABLE,SR_DATASET,V1,NOT_VERIFIED,SECONDARY_REFERENCE
SEC-CBE-TDE-3f12d9,CBE,TDE,Coimbatore Junction,Thudiyalur,Coimbatore-Mettupalayam,SALEM,SR,2,FORWARD,,NOT_AVAILABLE,SR_DATASET,V1,NOT_VERIFIED,SECONDARY_REFERENCE
SEC-TDE-PKD-c48dd2,TDE,PKD,Thudiyalur,Periyanaickenpalayam,Coimbatore-Mettupalayam,SALEM,SR,3,FORWARD,,NOT_AVAILABLE,SR_DATASET,V1,NOT_VERIFIED,SECONDARY_REFERENCE
SEC-PKD-KAY-308451,PKD,KAY,Periyanaickenpalayam,Karaimadai,Coimbatore-Mettupalayam,SALEM,SR,4,FORWARD,,NOT_AVAILABLE,SR_DATASET,V1,NOT_VERIFIED,SECONDARY_REFERENCE
SEC-KAY-MTP-c11719,KAY,MTP,Karaimadai,Mettupalayam,Coimbatore-Mettupalayam,SALEM,SR,5,FORWARD,,NOT_AVAILABLE,SR_DATASET,V1,NOT_VERIFIED,SECONDARY_REFERENCE
SEC-MTP-HLG-93a699,MTP,HLG,Mettupalayam,Hillgrove,Nilgiri Mountain Railway,SALEM,SR,2,FORWARD,,NOT_AVAILABLE,SR_DATASET,V1,NOT_VERIFIED,SECONDARY_REFERENCE
SEC-HLG-ONR-3bb6b5,HLG,ONR,Hillgrove,Coonoor,Nilgiri Mountain Railway,SALEM,SR,3,FORWARD,,NOT_AVAILABLE,SR_DATASET,V1,NOT_VERIFIED,SECONDARY_REFERENCE
SEC-ONR-WEL-62144a,ONR,WEL,Coonoor,Wellington,Nilgiri Mountain Railway,SALEM,SR,4,FORWARD,,NOT_AVAILABLE,SR_DATASET,V1,NOT_VERIFIED,SECONDARY_REFERENCE
SEC-WEL-AVK-4a6d75,WEL,AVK,Wellington,Aravankadu,Nilgiri Mountain Railway,SALEM,SR,5,FORWARD,,NOT_AVAILABLE,SR_DATASET,V1,NOT_VERIFIED,SECONDARY_REFERENCE
SEC-AVK-KXT-da3f08,AVK,KXT,Aravankadu,Ketti,Nilgiri Mountain Railway,SALEM,SR,6,FORWARD,,NOT_AVAILABLE,SR_DATASET,V1,NOT_VERIFIED,SECONDARY_REFERENCE
SEC-KXT-LOV-bef155,KXT,LOV,Ketti,Lovedale,Nilgiri Mountain Railway,SALEM,SR,7,FORWARD,,NOT_AVAILABLE,SR_DATASET,V1,NOT_VERIFIED,SECONDARY_REFERENCE
SEC-LOV-UAM-b7afe6,LOV,UAM,Lovedale,Udagamandalam,Nilgiri Mountain Railway,SALEM,SR,8,FORWARD,,NOT_AVAILABLE,SR_DATASET,V1,NOT_VERIFIED,SECONDARY_REFERENCE
SEC-CBE-PTJ-e90b0d,CBE,PTJ,Coimbatore Junction,Podanur Junction,Coimbatore - Palakkad,PALAKKAD,SR,2,FORWARD,,NOT_AVAILABLE,SR_DATASET,V1,NOT_VERIFIED,SECONDARY_REFERENCE
SEC-PTJ-MDKI-2d0346,PTJ,MDKI,Podanur Junction,Madukarai,Coimbatore - Palakkad,PALAKKAD,SR,3,FORWARD,,NOT_AVAILABLE,SR_DATASET,V1,NOT_VERIFIED,SECONDARY_REFERENCE
SEC-MDKI-ETMD-a0fa9f,MDKI,ETMD,Madukarai,Ettimadai,Coimbatore - Palakkad,PALAKKAD,SR,4,FORWARD,,NOT_AVAILABLE,SR_DATASET,V1,NOT_VERIFIED,SECONDARY_REFERENCE
SEC-ETMD-WRA-13a739,ETMD,WRA,Ettimadai,Walayar,Coimbatore - Palakkad,PALAKKAD,SR,5,FORWARD,,NOT_AVAILABLE,SR_DATASET,V1,NOT_VERIFIED,SECONDARY_REFERENCE
SEC-WRA-KJKD-f8f96a,WRA,KJKD,Walayar,Kanjikode,Coimbatore - Palakkad,PALAKKAD,SR,6,FORWARD,,NOT_AVAILABLE,SR_DATASET,V1,NOT_VERIFIED,SECONDARY_REFERENCE
SEC-KJKD-PGT-97bebd,KJKD,PGT,Kanjikode,Palakkad Junction,Coimbatore - Palakkad,PALAKKAD,SR,7,FORWARD,,NOT_AVAILABLE,SR_DATASET,V1,NOT_VERIFIED,SECONDARY_REFERENCE
SEC-PGT-KJKD-c61ee4,PGT,KJKD,Palakkad Junction,Kanjikode,Palakkad - Irugur (Bypass via Podanur),PALAKKAD,SR,2,FORWARD,,NOT_AVAILABLE,SR_DATASET,V1,NOT_VERIFIED,SECONDARY_REFERENCE
SEC-KJKD-WRA-6341f1,KJKD,WRA,Kanjikode,Walayar,Palakkad - Irugur (Bypass via Podanur),PALAKKAD,SR,3,FORWARD,,NOT_AVAILABLE,SR_DATASET,V1,NOT_VERIFIED,SECONDARY_REFERENCE
SEC-WRA-ETMD-caee36,WRA,ETMD,Walayar,Ettimadai,Palakkad - Irugur (Bypass via Podanur),PALAKKAD,SR,4,FORWARD,,NOT_AVAILABLE,SR_DATASET,V1,NOT_VERIFIED,SECONDARY_REFERENCE
SEC-ETMD-MDKI-72db47,ETMD,MDKI,Ettimadai,Madukarai,Palakkad - Irugur (Bypass via Podanur),PALAKKAD,SR,5,FORWARD,,NOT_AVAILABLE,SR_DATASET,V1,NOT_VERIFIED,SECONDARY_REFERENCE
SEC-MDKI-PTJ-b083ef,MDKI,PTJ,Madukarai,Podanur Junction,Palakkad - Irugur (Bypass via Podanur),PALAKKAD,SR,6,FORWARD,,NOT_AVAILABLE,SR_DATASET,V1,NOT_VERIFIED,SECONDARY_REFERENCE
SEC-PTJ-IGU-93602a,PTJ,IGU,Podanur Junction,Irugur Junction,Palakkad - Irugur (Bypass via Podanur),PALAKKAD,SR,7,FORWARD,,NOT_AVAILABLE,SR_DATASET,V1,NOT_VERIFIED,SECONDARY_REFERENCE
SEC-PGT-PLL-d60455,PGT,PLL,Palakkad Junction,Parli,Palakkad - Shoranur,PALAKKAD,SR,2,FORWARD,,NOT_AVAILABLE,SR_DATASET,V1,NOT_VERIFIED,SECONDARY_REFERENCE
SEC-PLL-LDY-c76526,PLL,LDY,Parli,Lakkiti,Palakkad - Shoranur,PALAKKAD,SR,3,FORWARD,,NOT_AVAILABLE,SR_DATASET,V1,NOT_VERIFIED,SECONDARY_REFERENCE
SEC-LDY-OTP-4e58f8,LDY,OTP,Lakkiti,Ottappalam,Palakkad - Shoranur,PALAKKAD,SR,4,FORWARD,,NOT_AVAILABLE,SR_DATASET,V1,NOT_VERIFIED,SECONDARY_REFERENCE
SEC-OTP-MNUR-c2af42,OTP,MNUR,Ottappalam,Mannanur,Palakkad - Shoranur,PALAKKAD,SR,5,FORWARD,,NOT_AVAILABLE,SR_DATASET,V1,NOT_VERIFIED,SECONDARY_REFERENCE
SEC-MNUR-SRR-952d18,MNUR,SRR,Mannanur,Shoranur Junction,Palakkad - Shoranur,PALAKKAD,SR,6,FORWARD,,NOT_AVAILABLE,SR_DATASET,V1,NOT_VERIFIED,SECONDARY_REFERENCE
SEC-SRR-PTB-9c90ab,SRR,PTB,Shoranur Junction,Pattambi,Shoranur-Mangalore,PALAKKAD,SR,2,FORWARD,,NOT_AVAILABLE,SR_DATASET,V1,NOT_VERIFIED,SECONDARY_REFERENCE
SEC-PTB-KODN-fa39e1,PTB,KODN,Pattambi,Kodumunda,Shoranur-Mangalore,PALAKKAD,SR,3,FORWARD,,NOT_AVAILABLE,SR_DATASET,V1,NOT_VERIFIED,SECONDARY_REFERENCE
SEC-KODN-PUM-10e238,KODN,PUM,Kodumunda,Pallippuram,Shoranur-Mangalore,PALAKKAD,SR,4,FORWARD,,NOT_AVAILABLE,SR_DATASET,V1,NOT_VERIFIED,SECONDARY_REFERENCE
SEC-PUM-KTU-da64c6,PUM,KTU,Pallippuram,Kuttippuram,Shoranur-Mangalore,PALAKKAD,SR,5,FORWARD,,NOT_AVAILABLE,SR_DATASET,V1,NOT_VERIFIED,SECONDARY_REFERENCE
SEC-KTU-TUA-a209ce,KTU,TUA,Kuttippuram,Tirunnavaya,Shoranur-Mangalore,PALAKKAD,SR,6,FORWARD,,NOT_AVAILABLE,SR_DATASET,V1,NOT_VERIFIED,SECONDARY_REFERENCE
SEC-TUA-TIR-054a67,TUA,TIR,Tirunnavaya,Tirur,Shoranur-Mangalore,PALAKKAD,SR,7,FORWARD,,NOT_AVAILABLE,SR_DATASET,V1,NOT_VERIFIED,SECONDARY_REFERENCE
SEC-TIR-TA-fddc6e,TIR,TA,Tirur,Tanur,Shoranur-Mangalore,PALAKKAD,SR,8,FORWARD,,NOT_AVAILABLE,SR_DATASET,V1,NOT_VERIFIED,SECONDARY_REFERENCE
SEC-TA-PGI-c70864,TA,PGI,Tanur,Parappanangadi,Shoranur-Mangalore,PALAKKAD,SR,9,FORWARD,,NOT_AVAILABLE,SR_DATASET,V1,NOT_VERIFIED,SECONDARY_REFERENCE
SEC-PGI-VLI-0750d1,PGI,VLI,Parappanangadi,Vallikunnu,Shoranur-Mangalore,PALAKKAD,SR,10,FORWARD,,NOT_AVAILABLE,SR_DATASET,V1,NOT_VERIFIED,SECONDARY_REFERENCE
SEC-VLI-KN-078e5c,VLI,KN,Vallikunnu,Kadalundi,Shoranur-Mangalore,PALAKKAD,SR,11,FORWARD,,NOT_AVAILABLE,SR_DATASET,V1,NOT_VERIFIED,SECONDARY_REFERENCE
SEC-KN-FK-c15031,KN,FK,Kadalundi,Ferok,Shoranur-Mangalore,PALAKKAD,SR,12,FORWARD,,NOT_AVAILABLE,SR_DATASET,V1,NOT_VERIFIED,SECONDARY_REFERENCE
SEC-FK-KUL-53c608,FK,KUL,Ferok,Kallayi,Shoranur-Mangalore,PALAKKAD,SR,13,FORWARD,,NOT_AVAILABLE,SR_DATASET,V1,NOT_VERIFIED,SECONDARY_REFERENCE
SEC-KUL-CLT-dc234d,KUL,CLT,Kallayi,Kozhikode,Shoranur-Mangalore,PALAKKAD,SR,14,FORWARD,,NOT_AVAILABLE,SR_DATASET,V1,NOT_VERIFIED,SECONDARY_REFERENCE
SEC-CLT-VLL-80096c,CLT,VLL,Kozhikode,Vellayil,Shoranur-Mangalore,PALAKKAD,SR,15,FORWARD,,NOT_AVAILABLE,SR_DATASET,V1,NOT_VERIFIED,SECONDARY_REFERENCE
SEC-VLL-WH-2b47e2,VLL,WH,Vellayil,West Hill,Shoranur-Mangalore,PALAKKAD,SR,16,FORWARD,,NOT_AVAILABLE,SR_DATASET,V1,NOT_VERIFIED,SECONDARY_REFERENCE
SEC-WH-ETR-779c5a,WH,ETR,West Hill,Elattur,Shoranur-Mangalore,PALAKKAD,SR,17,FORWARD,,NOT_AVAILABLE,SR_DATASET,V1,NOT_VERIFIED,SECONDARY_REFERENCE
SEC-ETR-CMC-fa814d,ETR,CMC,Elattur,Chemancheri,Shoranur-Mangalore,PALAKKAD,SR,18,FORWARD,,NOT_AVAILABLE,SR_DATASET,V1,NOT_VERIFIED,SECONDARY_REFERENCE
SEC-CMC-QLD-721b01,CMC,QLD,Chemancheri,Quilandi,Shoranur-Mangalore,PALAKKAD,SR,19,FORWARD,,NOT_AVAILABLE,SR_DATASET,V1,NOT_VERIFIED,SECONDARY_REFERENCE
SEC-QLD-VEK-a44535,QLD,VEK,Quilandi,Vellarakkad,Shoranur-Mangalore,PALAKKAD,SR,20,FORWARD,,NOT_AVAILABLE,SR_DATASET,V1,NOT_VERIFIED,SECONDARY_REFERENCE
SEC-VEK-TKT-33735b,VEK,TKT,Vellarakkad,Tikkotti,Shoranur-Mangalore,PALAKKAD,SR,21,FORWARD,,NOT_AVAILABLE,SR_DATASET,V1,NOT_VERIFIED,SECONDARY_REFERENCE
SEC-TKT-PYQR-1f2d76,TKT,PYQR,Tikkotti,Payyoli,Shoranur-Mangalore,PALAKKAD,SR,22,FORWARD,,NOT_AVAILABLE,SR_DATASET,V1,NOT_VERIFIED,SECONDARY_REFERENCE
SEC-PYQR-IGL-00e829,PYQR,IGL,Payyoli,Iringal,Shoranur-Mangalore,PALAKKAD,SR,23,FORWARD,,NOT_AVAILABLE,SR_DATASET,V1,NOT_VERIFIED,SECONDARY_REFERENCE
SEC-IGL-BDJ-5b53a0,IGL,BDJ,Iringal,Vadakara,Shoranur-Mangalore,PALAKKAD,SR,24,FORWARD,,NOT_AVAILABLE,SR_DATASET,V1,NOT_VERIFIED,SECONDARY_REFERENCE
SEC-BDJ-NAU-453fb8,BDJ,NAU,Vadakara,Nadapuramold,Shoranur-Mangalore,PALAKKAD,SR,25,FORWARD,,NOT_AVAILABLE,SR_DATASET,V1,NOT_VERIFIED,SECONDARY_REFERENCE
SEC-NAU-MUKE-372c8c,NAU,MUKE,Nadapuramold,Mukkali,Shoranur-Mangalore,PALAKKAD,SR,26,FORWARD,,NOT_AVAILABLE,SR_DATASET,V1,NOT_VERIFIED,SECONDARY_REFERENCE
SEC-MUKE-MAHE-69c599,MUKE,MAHE,Mukkali,Mahe,Shoranur-Mangalore,PALAKKAD,SR,27,FORWARD,,NOT_AVAILABLE,SR_DATASET,V1,NOT_VERIFIED,SECONDARY_REFERENCE
SEC-MAHE-JGE-195929,MAHE,JGE,Mahe,Jagannath Temple Gate,Shoranur-Mangalore,PALAKKAD,SR,28,FORWARD,,NOT_AVAILABLE,SR_DATASET,V1,NOT_VERIFIED,SECONDARY_REFERENCE
SEC-JGE-TLY-08dd91,JGE,TLY,Jagannath Temple Gate,Thalassery,Shoranur-Mangalore,PALAKKAD,SR,29,FORWARD,,NOT_AVAILABLE,SR_DATASET,V1,NOT_VERIFIED,SECONDARY_REFERENCE
SEC-TLY-DMD-a62f09,TLY,DMD,Thalassery,Dharmadam,Shoranur-Mangalore,PALAKKAD,SR,30,FORWARD,,NOT_AVAILABLE,SR_DATASET,V1,NOT_VERIFIED,SECONDARY_REFERENCE
SEC-DMD-ETK-f35e47,DMD,ETK,Dharmadam,Etakkot,Shoranur-Mangalore,PALAKKAD,SR,31,FORWARD,,NOT_AVAILABLE,SR_DATASET,V1,NOT_VERIFIED,SECONDARY_REFERENCE
SEC-ETK-CS-c0fb17,ETK,CS,Etakkot,Kannur South,Shoranur-Mangalore,PALAKKAD,SR,32,FORWARD,,NOT_AVAILABLE,SR_DATASET,V1,NOT_VERIFIED,SECONDARY_REFERENCE
SEC-CS-CAN-a562ea,CS,CAN,Kannur South,Kannur,Shoranur-Mangalore,PALAKKAD,SR,33,FORWARD,,NOT_AVAILABLE,SR_DATASET,V1,NOT_VERIFIED,SECONDARY_REFERENCE
SEC-CAN-VAPM-15c837,CAN,VAPM,Kannur,Valapattanam,Shoranur-Mangalore,PALAKKAD,SR,34,FORWARD,,NOT_AVAILABLE,SR_DATASET,V1,NOT_VERIFIED,SECONDARY_REFERENCE
SEC-VAPM-PPNS-fe06bf,VAPM,PPNS,Valapattanam,Pappinisseri,Shoranur-Mangalore,PALAKKAD,SR,35,FORWARD,,NOT_AVAILABLE,SR_DATASET,V1,NOT_VERIFIED,SECONDARY_REFERENCE
SEC-PPNS-KPQ-9ec170,PPNS,KPQ,Pappinisseri,Kannapuram,Shoranur-Mangalore,PALAKKAD,SR,36,FORWARD,,NOT_AVAILABLE,SR_DATASET,V1,NOT_VERIFIED,SECONDARY_REFERENCE
SEC-KPQ-PAZ-716465,KPQ,PAZ,Kannapuram,Payangadi,Shoranur-Mangalore,PALAKKAD,SR,37,FORWARD,,NOT_AVAILABLE,SR_DATASET,V1,NOT_VERIFIED,SECONDARY_REFERENCE
SEC-PAZ-ELM-228d4e,PAZ,ELM,Payangadi,Ezhimala,Shoranur-Mangalore,PALAKKAD,SR,38,FORWARD,,NOT_AVAILABLE,SR_DATASET,V1,NOT_VERIFIED,SECONDARY_REFERENCE
SEC-ELM-PAY-dabb1c,ELM,PAY,Ezhimala,Payyanur,Shoranur-Mangalore,PALAKKAD,SR,39,FORWARD,,NOT_AVAILABLE,SR_DATASET,V1,NOT_VERIFIED,SECONDARY_REFERENCE
SEC-PAY-TKQ-f35cde,PAY,TKQ,Payyanur,Trikarpur,Shoranur-Mangalore,PALAKKAD,SR,40,FORWARD,,NOT_AVAILABLE,SR_DATASET,V1,NOT_VERIFIED,SECONDARY_REFERENCE
SEC-TKQ-CHV-971bc6,TKQ,CHV,Trikarpur,Charvattur,Shoranur-Mangalore,PALAKKAD,SR,41,FORWARD,,NOT_AVAILABLE,SR_DATASET,V1,NOT_VERIFIED,SECONDARY_REFERENCE
SEC-CHV-NLE-8dbe02,CHV,NLE,Charvattur,Nileshwar,Shoranur-Mangalore,PALAKKAD,SR,42,FORWARD,,NOT_AVAILABLE,SR_DATASET,V1,NOT_VERIFIED,SECONDARY_REFERENCE
SEC-NLE-KZE-020b52,NLE,KZE,Nileshwar,Kanhangad,Shoranur-Mangalore,PALAKKAD,SR,43,FORWARD,,NOT_AVAILABLE,SR_DATASET,V1,NOT_VERIFIED,SECONDARY_REFERENCE
SEC-KZE-BFR-beb4cd,KZE,BFR,Kanhangad,Bekal Fort,Shoranur-Mangalore,PALAKKAD,SR,44,FORWARD,,NOT_AVAILABLE,SR_DATASET,V1,NOT_VERIFIED,SECONDARY_REFERENCE
SEC-BFR-KQK-35d980,BFR,KQK,Bekal Fort,Kotikulam,Shoranur-Mangalore,PALAKKAD,SR,45,FORWARD,,NOT_AVAILABLE,SR_DATASET,V1,NOT_VERIFIED,SECONDARY_REFERENCE
SEC-KQK-KLAD-aa5a2f,KQK,KLAD,Kotikulam,Kalanad,Shoranur-Mangalore,PALAKKAD,SR,46,FORWARD,,NOT_AVAILABLE,SR_DATASET,V1,NOT_VERIFIED,SECONDARY_REFERENCE
SEC-KLAD-KGQ-a1de6f,KLAD,KGQ,Kalanad,Kasaragod,Shoranur-Mangalore,PALAKKAD,SR,47,FORWARD,,NOT_AVAILABLE,SR_DATASET,V1,NOT_VERIFIED,SECONDARY_REFERENCE
SEC-KGQ-KMQ-966b3c,KGQ,KMQ,Kasaragod,Kumbala,Shoranur-Mangalore,PALAKKAD,SR,48,FORWARD,,NOT_AVAILABLE,SR_DATASET,V1,NOT_VERIFIED,SECONDARY_REFERENCE
SEC-KMQ-UAA-ad4cca,KMQ,UAA,Kumbala,Uppala,Shoranur-Mangalore,PALAKKAD,SR,49,FORWARD,,NOT_AVAILABLE,SR_DATASET,V1,NOT_VERIFIED,SECONDARY_REFERENCE
SEC-UAA-MJS-89ca1d,UAA,MJS,Uppala,Manjeshwar,Shoranur-Mangalore,PALAKKAD,SR,50,FORWARD,,NOT_AVAILABLE,SR_DATASET,V1,NOT_VERIFIED,SECONDARY_REFERENCE
SEC-MJS-ULL-bc64e5,MJS,ULL,Manjeshwar,Ullal,Shoranur-Mangalore,PALAKKAD,SR,51,FORWARD,,NOT_AVAILABLE,SR_DATASET,V1,NOT_VERIFIED,SECONDARY_REFERENCE
SEC-ULL-MAQ-c13396,ULL,MAQ,Ullal,Mangalore Central,Shoranur-Mangalore,PALAKKAD,SR,52,FORWARD,,NOT_AVAILABLE,SR_DATASET,V1,NOT_VERIFIED,SECONDARY_REFERENCE
SEC-MAQ-MAJN-088545,MAQ,MAJN,Mangalore Central,Mangalore Junction,Shoranur-Mangalore,PALAKKAD,SR,53,FORWARD,,NOT_AVAILABLE,SR_DATASET,V1,NOT_VERIFIED,SECONDARY_REFERENCE
SEC-MAJN-PNMB-ccda69,MAJN,PNMB,Mangalore Junction,Panambur,Shoranur-Mangalore,PALAKKAD,SR,54,FORWARD,,NOT_AVAILABLE,SR_DATASET,V1,NOT_VERIFIED,SECONDARY_REFERENCE
SEC-PNMB-TOK-d25d6b,PNMB,TOK,Panambur,Thokur,Shoranur-Mangalore,PALAKKAD,SR,55,FORWARD,,NOT_AVAILABLE,SR_DATASET,V1,NOT_VERIFIED,SECONDARY_REFERENCE
SEC-TOK-JOKT-a78b1a,TOK,JOKT,Thokur,Jokatte,Shoranur-Mangalore,PALAKKAD,SR,56,FORWARD,,NOT_AVAILABLE,SR_DATASET,V1,NOT_VERIFIED,SECONDARY_REFERENCE
SEC-PGT-PGTN-1f26d7,PGT,PGTN,Palakkad Junction,Palakkad Town,Palakkad-Pollachi,PALAKKAD,SR,2,FORWARD,,NOT_AVAILABLE,SR_DATASET,V1,NOT_VERIFIED,SECONDARY_REFERENCE
SEC-PGTN-PDGM-2a5f9a,PGTN,PDGM,Palakkad Town,Pudunagaram,Palakkad-Pollachi,PALAKKAD,SR,3,FORWARD,,NOT_AVAILABLE,SR_DATASET,V1,NOT_VERIFIED,SECONDARY_REFERENCE
SEC-PDGM-VDK-70a141,PDGM,VDK,Pudunagaram,Vadakannikapuram,Palakkad-Pollachi,PALAKKAD,SR,4,FORWARD,,NOT_AVAILABLE,SR_DATASET,V1,NOT_VERIFIED,SECONDARY_REFERENCE
SEC-VDK-KLGD-bbda66,VDK,KLGD,Vadakannikapuram,Kollengode,Palakkad-Pollachi,PALAKKAD,SR,5,FORWARD,,NOT_AVAILABLE,SR_DATASET,V1,NOT_VERIFIED,SECONDARY_REFERENCE
SEC-KLGD-MMDA-548794,KLGD,MMDA,Kollengode,Muthalamada,Palakkad-Pollachi,PALAKKAD,SR,6,FORWARD,,NOT_AVAILABLE,SR_DATASET,V1,NOT_VERIFIED,SECONDARY_REFERENCE
SEC-MMDA-MXM-023992,MMDA,MXM,Muthalamada,Minatchipuram,Palakkad-Pollachi,PALAKKAD,SR,7,FORWARD,,NOT_AVAILABLE,SR_DATASET,V1,NOT_VERIFIED,SECONDARY_REFERENCE
SEC-MXM-POY-80a6d4,MXM,POY,Minatchipuram,Pollachi Junction,Palakkad-Pollachi,PALAKKAD,SR,8,FORWARD,,NOT_AVAILABLE,SR_DATASET,V1,NOT_VERIFIED,SECONDARY_REFERENCE
SEC-SRR-VDKS-26fe8b,SRR,VDKS,Shoranur Junction,Vadanamkurushi,Shoranur-Nilambur,PALAKKAD,SR,2,FORWARD,,NOT_AVAILABLE,SR_DATASET,V1,NOT_VERIFIED,SECONDARY_REFERENCE
SEC-VDKS-VPZ-9896d1,VDKS,VPZ,Vadanamkurushi,Vallapuzha,Shoranur-Nilambur,PALAKKAD,SR,3,FORWARD,,NOT_AVAILABLE,SR_DATASET,V1,NOT_VERIFIED,SECONDARY_REFERENCE
SEC-VPZ-KZC-33794e,VPZ,KZC,Vallapuzha,Kulukkallur,Shoranur-Nilambur,PALAKKAD,SR,4,FORWARD,,NOT_AVAILABLE,SR_DATASET,V1,NOT_VERIFIED,SECONDARY_REFERENCE
SEC-KZC-CQA-286c5d,KZC,CQA,Kulukkallur,Cherukara,Shoranur-Nilambur,PALAKKAD,SR,5,FORWARD,,NOT_AVAILABLE,SR_DATASET,V1,NOT_VERIFIED,SECONDARY_REFERENCE
SEC-CQA-AAM-b02b74,CQA,AAM,Cherukara,Angadipuram,Shoranur-Nilambur,PALAKKAD,SR,6,FORWARD,,NOT_AVAILABLE,SR_DATASET,V1,NOT_VERIFIED,SECONDARY_REFERENCE
SEC-AAM-PKQ-e12ca7,AAM,PKQ,Angadipuram,Pattikkad,Shoranur-Nilambur,PALAKKAD,SR,7,FORWARD,,NOT_AVAILABLE,SR_DATASET,V1,NOT_VERIFIED,SECONDARY_REFERENCE
SEC-PKQ-MLTR-150beb,PKQ,MLTR,Pattikkad,Melattur,Shoranur-Nilambur,PALAKKAD,SR,8,FORWARD,,NOT_AVAILABLE,SR_DATASET,V1,NOT_VERIFIED,SECONDARY_REFERENCE
SEC-MLTR-TUV-6522c1,MLTR,TUV,Melattur,Tuvvur,Shoranur-Nilambur,PALAKKAD,SR,9,FORWARD,,NOT_AVAILABLE,SR_DATASET,V1,NOT_VERIFIED,SECONDARY_REFERENCE
SEC-TUV-TDPM-372349,TUV,TDPM,Tuvvur,Todiyapulam,Shoranur-Nilambur,PALAKKAD,SR,10,FORWARD,,NOT_AVAILABLE,SR_DATASET,V1,NOT_VERIFIED,SECONDARY_REFERENCE
SEC-TDPM-VNB-96f08f,TDPM,VNB,Todiyapulam,Vaniyambalam,Shoranur-Nilambur,PALAKKAD,SR,11,FORWARD,,NOT_AVAILABLE,SR_DATASET,V1,NOT_VERIFIED,SECONDARY_REFERENCE
SEC-VNB-NIL-9e8faf,VNB,NIL,Vaniyambalam,Nilambur Road,Shoranur-Nilambur,PALAKKAD,SR,12,FORWARD,,NOT_AVAILABLE,SR_DATASET,V1,NOT_VERIFIED,SECONDARY_REFERENCE
SEC-SRR-VTK-7bc5f9,SRR,VTK,Shoranur Junction,Vallathol Nagar,Main Line (via Kottayam),TVC,SR,2,FORWARD,,NOT_AVAILABLE,SR_DATASET,V1,NOT_VERIFIED,SECONDARY_REFERENCE
SEC-VTK-MUC-5d942a,VTK,MUC,Vallathol Nagar,Mullurkara,Main Line (via Kottayam),TVC,SR,3,FORWARD,,NOT_AVAILABLE,SR_DATASET,V1,NOT_VERIFIED,SECONDARY_REFERENCE
SEC-MUC-WKI-b7752e,MUC,WKI,Mullurkara,Wadakancheri,Main Line (via Kottayam),TVC,SR,4,FORWARD,,NOT_AVAILABLE,SR_DATASET,V1,NOT_VERIFIED,SECONDARY_REFERENCE
SEC-WKI-MGK-1926b0,WKI,MGK,Wadakancheri,Mulagunnathukavu,Main Line (via Kottayam),TVC,SR,5,FORWARD,,NOT_AVAILABLE,SR_DATASET,V1,NOT_VERIFIED,SECONDARY_REFERENCE
SEC-MGK-PNQ-8e59b3,MGK,PNQ,Mulagunnathukavu,Punkunnam,Main Line (via Kottayam),TVC,SR,6,FORWARD,,NOT_AVAILABLE,SR_DATASET,V1,NOT_VERIFIED,SECONDARY_REFERENCE
SEC-PNQ-TCR-977597,PNQ,TCR,Punkunnam,Thrissur,Main Line (via Kottayam),TVC,SR,7,FORWARD,,NOT_AVAILABLE,SR_DATASET,V1,NOT_VERIFIED,SECONDARY_REFERENCE
SEC-TCR-OLR-e19060,TCR,OLR,Thrissur,Ollur,Main Line (via Kottayam),TVC,SR,8,FORWARD,,NOT_AVAILABLE,SR_DATASET,V1,NOT_VERIFIED,SECONDARY_REFERENCE
SEC-OLR-PUK-2887e7,OLR,PUK,Ollur,Pudukkad,Main Line (via Kottayam),TVC,SR,9,FORWARD,,NOT_AVAILABLE,SR_DATASET,V1,NOT_VERIFIED,SECONDARY_REFERENCE
SEC-PUK-NYI-0e2d40,PUK,NYI,Pudukkad,Nellayi,Main Line (via Kottayam),TVC,SR,10,FORWARD,,NOT_AVAILABLE,SR_DATASET,V1,NOT_VERIFIED,SECONDARY_REFERENCE
SEC-NYI-IJK-81c6c7,NYI,IJK,Nellayi,Irinjalakuda,Main Line (via Kottayam),TVC,SR,11,FORWARD,,NOT_AVAILABLE,SR_DATASET,V1,NOT_VERIFIED,SECONDARY_REFERENCE
SEC-IJK-CKI-c7995e,IJK,CKI,Irinjalakuda,Chalakudi,Main Line (via Kottayam),TVC,SR,12,FORWARD,,NOT_AVAILABLE,SR_DATASET,V1,NOT_VERIFIED,SECONDARY_REFERENCE
SEC-CKI-DINR-0705e1,CKI,DINR,Chalakudi,Divine Nagar,Main Line (via Kottayam),TVC,SR,13,FORWARD,,NOT_AVAILABLE,SR_DATASET,V1,NOT_VERIFIED,SECONDARY_REFERENCE
SEC-DINR-KRAN-386054,DINR,KRAN,Divine Nagar,Koratti Angadi,Main Line (via Kottayam),TVC,SR,14,FORWARD,,NOT_AVAILABLE,SR_DATASET,V1,NOT_VERIFIED,SECONDARY_REFERENCE
SEC-KRAN-KUC-481704,KRAN,KUC,Koratti Angadi,Karukkutty,Main Line (via Kottayam),TVC,SR,15,FORWARD,,NOT_AVAILABLE,SR_DATASET,V1,NOT_VERIFIED,SECONDARY_REFERENCE
SEC-KUC-AFK-0ad622,KUC,AFK,Karukkutty,Angamaly,Main Line (via Kottayam),TVC,SR,16,FORWARD,,NOT_AVAILABLE,SR_DATASET,V1,NOT_VERIFIED,SECONDARY_REFERENCE
SEC-AFK-CWR-997697,AFK,CWR,Angamaly,Chovvara,Main Line (via Kottayam),TVC,SR,17,FORWARD,,NOT_AVAILABLE,SR_DATASET,V1,NOT_VERIFIED,SECONDARY_REFERENCE
SEC-CWR-AWY-dc9583,CWR,AWY,Chovvara,Aluva,Main Line (via Kottayam),TVC,SR,18,FORWARD,,NOT_AVAILABLE,SR_DATASET,V1,NOT_VERIFIED,SECONDARY_REFERENCE
SEC-AWY-KLMR-ff87a7,AWY,KLMR,Aluva,Kalamassery,Main Line (via Kottayam),TVC,SR,19,FORWARD,,NOT_AVAILABLE,SR_DATASET,V1,NOT_VERIFIED,SECONDARY_REFERENCE
SEC-KLMR-IPL-888bba,KLMR,IPL,Kalamassery,Idappally,Main Line (via Kottayam),TVC,SR,20,FORWARD,,NOT_AVAILABLE,SR_DATASET,V1,NOT_VERIFIED,SECONDARY_REFERENCE
SEC-IPL-ERN-703e1c,IPL,ERN,Idappally,Ernakulam Town,Main Line (via Kottayam),TVC,SR,21,FORWARD,,NOT_AVAILABLE,SR_DATASET,V1,NOT_VERIFIED,SECONDARY_REFERENCE
SEC-ERN-ERS-695f20,ERN,ERS,Ernakulam Town,Ernakulam Junction,Main Line (via Kottayam),TVC,SR,22,FORWARD,,NOT_AVAILABLE,SR_DATASET,V1,NOT_VERIFIED,SECONDARY_REFERENCE
SEC-ERS-TRTR-d3e6f7,ERS,TRTR,Ernakulam Junction,Thrippunithura,Main Line (via Kottayam),TVC,SR,23,FORWARD,,NOT_AVAILABLE,SR_DATASET,V1,NOT_VERIFIED,SECONDARY_REFERENCE
SEC-TRTR-KFE-e995ed,TRTR,KFE,Thrippunithura,Chottanikkara Road,Main Line (via Kottayam),TVC,SR,24,FORWARD,,NOT_AVAILABLE,SR_DATASET,V1,NOT_VERIFIED,SECONDARY_REFERENCE
SEC-KFE-MNTT-5e4fb4,KFE,MNTT,Chottanikkara Road,Mulanturutti,Main Line (via Kottayam),TVC,SR,25,FORWARD,,NOT_AVAILABLE,SR_DATASET,V1,NOT_VERIFIED,SECONDARY_REFERENCE
SEC-MNTT-KPTM-12b7d5,MNTT,KPTM,Mulanturutti,Kanjiramittam,Main Line (via Kottayam),TVC,SR,26,FORWARD,,NOT_AVAILABLE,SR_DATASET,V1,NOT_VERIFIED,SECONDARY_REFERENCE
SEC-KPTM-PVRD-a0a0b4,KPTM,PVRD,Kanjiramittam,Piravom Road,Main Line (via Kottayam),TVC,SR,27,FORWARD,,NOT_AVAILABLE,SR_DATASET,V1,NOT_VERIFIED,SECONDARY_REFERENCE
SEC-PVRD-VARD-a081c7,PVRD,VARD,Piravom Road,Vaikom Road,Main Line (via Kottayam),TVC,SR,28,FORWARD,,NOT_AVAILABLE,SR_DATASET,V1,NOT_VERIFIED,SECONDARY_REFERENCE
SEC-VARD-KDTY-370324,VARD,KDTY,Vaikom Road,Kaduturutty,Main Line (via Kottayam),TVC,SR,29,FORWARD,,NOT_AVAILABLE,SR_DATASET,V1,NOT_VERIFIED,SECONDARY_REFERENCE
SEC-KDTY-KRPP-4580da,KDTY,KRPP,Kaduturutty,Kuruppanthara,Main Line (via Kottayam),TVC,SR,30,FORWARD,,NOT_AVAILABLE,SR_DATASET,V1,NOT_VERIFIED,SECONDARY_REFERENCE
SEC-KRPP-ETM-a2fddb,KRPP,ETM,Kuruppanthara,Ettumanur,Main Line (via Kottayam),TVC,SR,31,FORWARD,,NOT_AVAILABLE,SR_DATASET,V1,NOT_VERIFIED,SECONDARY_REFERENCE
SEC-ETM-KFQ-06b150,ETM,KFQ,Ettumanur,Kumaranallur,Main Line (via Kottayam),TVC,SR,32,FORWARD,,NOT_AVAILABLE,SR_DATASET,V1,NOT_VERIFIED,SECONDARY_REFERENCE
SEC-KFQ-KTYM-433a2e,KFQ,KTYM,Kumaranallur,Kottayam,Main Line (via Kottayam),TVC,SR,33,FORWARD,,NOT_AVAILABLE,SR_DATASET,V1,NOT_VERIFIED,SECONDARY_REFERENCE
SEC-KTYM-CGY-970795,KTYM,CGY,Kottayam,Changanassery,Main Line (via Kottayam),TVC,SR,34,FORWARD,,NOT_AVAILABLE,SR_DATASET,V1,NOT_VERIFIED,SECONDARY_REFERENCE
SEC-CGY-TRVL-6dc85d,CGY,TRVL,Changanassery,Tiruvalla,Main Line (via Kottayam),TVC,SR,35,FORWARD,,NOT_AVAILABLE,SR_DATASET,V1,NOT_VERIFIED,SECONDARY_REFERENCE
SEC-TRVL-CNGR-57f21c,TRVL,CNGR,Tiruvalla,Chengannur,Main Line (via Kottayam),TVC,SR,36,FORWARD,,NOT_AVAILABLE,SR_DATASET,V1,NOT_VERIFIED,SECONDARY_REFERENCE
SEC-CNGR-CYN-d67706,CNGR,CYN,Chengannur,Cheriyanad,Main Line (via Kottayam),TVC,SR,37,FORWARD,,NOT_AVAILABLE,SR_DATASET,V1,NOT_VERIFIED,SECONDARY_REFERENCE
SEC-CYN-MVLK-742c83,CYN,MVLK,Cheriyanad,Mavelikara,Main Line (via Kottayam),TVC,SR,38,FORWARD,,NOT_AVAILABLE,SR_DATASET,V1,NOT_VERIFIED,SECONDARY_REFERENCE
SEC-MVLK-KYJ-dba0ae,MVLK,KYJ,Mavelikara,Kayamkulam Junction,Main Line (via Kottayam),TVC,SR,39,FORWARD,,NOT_AVAILABLE,SR_DATASET,V1,NOT_VERIFIED,SECONDARY_REFERENCE
SEC-KYJ-OCR-bcef8e,KYJ,OCR,Kayamkulam Junction,Ochira,Main Line (via Kottayam),TVC,SR,40,FORWARD,,NOT_AVAILABLE,SR_DATASET,V1,NOT_VERIFIED,SECONDARY_REFERENCE
SEC-OCR-KPY-4324ea,OCR,KPY,Ochira,Karunagappally,Main Line (via Kottayam),TVC,SR,41,FORWARD,,NOT_AVAILABLE,SR_DATASET,V1,NOT_VERIFIED,SECONDARY_REFERENCE
SEC-KPY-STKT-00ecf7,KPY,STKT,Karunagappally,Sasthankotta,Main Line (via Kottayam),TVC,SR,42,FORWARD,,NOT_AVAILABLE,SR_DATASET,V1,NOT_VERIFIED,SECONDARY_REFERENCE
SEC-STKT-MQO-4f1143,STKT,MQO,Sasthankotta,Munroturuttu,Main Line (via Kottayam),TVC,SR,43,FORWARD,,NOT_AVAILABLE,SR_DATASET,V1,NOT_VERIFIED,SECONDARY_REFERENCE
SEC-MQO-PRND-88596d,MQO,PRND,Munroturuttu,Perinad,Main Line (via Kottayam),TVC,SR,44,FORWARD,,NOT_AVAILABLE,SR_DATASET,V1,NOT_VERIFIED,SECONDARY_REFERENCE
SEC-PRND-QLN-5568dd,PRND,QLN,Perinad,Kollam Junction,Main Line (via Kottayam),TVC,SR,45,FORWARD,,NOT_AVAILABLE,SR_DATASET,V1,NOT_VERIFIED,SECONDARY_REFERENCE
SEC-QLN-IRP-b7ec3f,QLN,IRP,Kollam Junction,Eravipuram,Main Line (via Kottayam),TVC,SR,46,FORWARD,,NOT_AVAILABLE,SR_DATASET,V1,NOT_VERIFIED,SECONDARY_REFERENCE
SEC-IRP-MYY-013d1d,IRP,MYY,Eravipuram,Mayyanad,Main Line (via Kottayam),TVC,SR,47,FORWARD,,NOT_AVAILABLE,SR_DATASET,V1,NOT_VERIFIED,SECONDARY_REFERENCE
SEC-MYY-PVU-fd29a1,MYY,PVU,Mayyanad,Paravur,Main Line (via Kottayam),TVC,SR,48,FORWARD,,NOT_AVAILABLE,SR_DATASET,V1,NOT_VERIFIED,SECONDARY_REFERENCE
SEC-PVU-KFI-d4b602,PVU,KFI,Paravur,Kappil,Main Line (via Kottayam),TVC,SR,49,FORWARD,,NOT_AVAILABLE,SR_DATASET,V1,NOT_VERIFIED,SECONDARY_REFERENCE
SEC-KFI-EVA-b6e5d0,KFI,EVA,Kappil,Edavai,Main Line (via Kottayam),TVC,SR,50,FORWARD,,NOT_AVAILABLE,SR_DATASET,V1,NOT_VERIFIED,SECONDARY_REFERENCE
SEC-EVA-VAK-0a4013,EVA,VAK,Edavai,Varkala Sivagiri,Main Line (via Kottayam),TVC,SR,51,FORWARD,,NOT_AVAILABLE,SR_DATASET,V1,NOT_VERIFIED,SECONDARY_REFERENCE
SEC-VAK-AMY-e8eb8c,VAK,AMY,Varkala Sivagiri,Akathumuri,Main Line (via Kottayam),TVC,SR,52,FORWARD,,NOT_AVAILABLE,SR_DATASET,V1,NOT_VERIFIED,SECONDARY_REFERENCE
SEC-AMY-KVU-ac3b22,AMY,KVU,Akathumuri,Kadakavur,Main Line (via Kottayam),TVC,SR,53,FORWARD,,NOT_AVAILABLE,SR_DATASET,V1,NOT_VERIFIED,SECONDARY_REFERENCE
SEC-KVU-CRY-dce09a,KVU,CRY,Kadakavur,Chirayinkeezhu,Main Line (via Kottayam),TVC,SR,54,FORWARD,,NOT_AVAILABLE,SR_DATASET,V1,NOT_VERIFIED,SECONDARY_REFERENCE
SEC-CRY-PGZ-bcc000,CRY,PGZ,Chirayinkeezhu,Perunguzhi,Main Line (via Kottayam),TVC,SR,55,FORWARD,,NOT_AVAILABLE,SR_DATASET,V1,NOT_VERIFIED,SECONDARY_REFERENCE
SEC-PGZ-MQU-7754c1,PGZ,MQU,Perunguzhi,Murukkampuzha,Main Line (via Kottayam),TVC,SR,56,FORWARD,,NOT_AVAILABLE,SR_DATASET,V1,NOT_VERIFIED,SECONDARY_REFERENCE
SEC-MQU-KXP-e31726,MQU,KXP,Murukkampuzha,Kaniyapuram,Main Line (via Kottayam),TVC,SR,57,FORWARD,,NOT_AVAILABLE,SR_DATASET,V1,NOT_VERIFIED,SECONDARY_REFERENCE
SEC-KXP-KZK-5d54a4,KXP,KZK,Kaniyapuram,Kazhakuttam,Main Line (via Kottayam),TVC,SR,58,FORWARD,,NOT_AVAILABLE,SR_DATASET,V1,NOT_VERIFIED,SECONDARY_REFERENCE
SEC-KZK-VELI-cc63fe,KZK,VELI,Kazhakuttam,Veli,Main Line (via Kottayam),TVC,SR,59,FORWARD,,NOT_AVAILABLE,SR_DATASET,V1,NOT_VERIFIED,SECONDARY_REFERENCE
SEC-VELI-KCVL-b43c8e,VELI,KCVL,Veli,Kochuveli,Main Line (via Kottayam),TVC,SR,60,FORWARD,,NOT_AVAILABLE,SR_DATASET,V1,NOT_VERIFIED,SECONDARY_REFERENCE
SEC-KCVL-TVP-6151e3,KCVL,TVP,Kochuveli,Trivandrum Pettah,Main Line (via Kottayam),TVC,SR,61,FORWARD,,NOT_AVAILABLE,SR_DATASET,V1,NOT_VERIFIED,SECONDARY_REFERENCE
SEC-TVP-TVC-b21ab8,TVP,TVC,Trivandrum Pettah,Thiruvananthapuram Central,Main Line (via Kottayam),TVC,SR,62,FORWARD,,NOT_AVAILABLE,SR_DATASET,V1,NOT_VERIFIED,SECONDARY_REFERENCE
SEC-ERS-KUMM-3a00cf,ERS,KUMM,Ernakulam Junction,Kumbalam,Coastal Line (Alappuzha),TVC,SR,2,FORWARD,,NOT_AVAILABLE,SR_DATASET,V1,NOT_VERIFIED,SECONDARY_REFERENCE
SEC-KUMM-AROR-7396c1,KUMM,AROR,Kumbalam,Aroor Halt,Coastal Line (Alappuzha),TVC,SR,3,FORWARD,,NOT_AVAILABLE,SR_DATASET,V1,NOT_VERIFIED,SECONDARY_REFERENCE
SEC-AROR-EZP-bb47c1,AROR,EZP,Aroor Halt,Ezhupunna,Coastal Line (Alappuzha),TVC,SR,4,FORWARD,,NOT_AVAILABLE,SR_DATASET,V1,NOT_VERIFIED,SECONDARY_REFERENCE
SEC-EZP-TUVR-4f5daa,EZP,TUVR,Ezhupunna,Turavur,Coastal Line (Alappuzha),TVC,SR,5,FORWARD,,NOT_AVAILABLE,SR_DATASET,V1,NOT_VERIFIED,SECONDARY_REFERENCE
SEC-TUVR-VAY-3354cc,TUVR,VAY,Turavur,Vayalar,Coastal Line (Alappuzha),TVC,SR,6,FORWARD,,NOT_AVAILABLE,SR_DATASET,V1,NOT_VERIFIED,SECONDARY_REFERENCE
SEC-VAY-SRTL-56ca91,VAY,SRTL,Vayalar,Cherthala,Coastal Line (Alappuzha),TVC,SR,7,FORWARD,,NOT_AVAILABLE,SR_DATASET,V1,NOT_VERIFIED,SECONDARY_REFERENCE
SEC-SRTL-TRVZ-a9003e,SRTL,TRVZ,Cherthala,Tiruvizha,Coastal Line (Alappuzha),TVC,SR,8,FORWARD,,NOT_AVAILABLE,SR_DATASET,V1,NOT_VERIFIED,SECONDARY_REFERENCE
SEC-TRVZ-MAKM-2981b9,TRVZ,MAKM,Tiruvizha,Mararikulam,Coastal Line (Alappuzha),TVC,SR,9,FORWARD,,NOT_AVAILABLE,SR_DATASET,V1,NOT_VERIFIED,SECONDARY_REFERENCE
SEC-MAKM-KAVR-3ada8b,MAKM,KAVR,Mararikulam,Kalavur Halt,Coastal Line (Alappuzha),TVC,SR,10,FORWARD,,NOT_AVAILABLE,SR_DATASET,V1,NOT_VERIFIED,SECONDARY_REFERENCE
SEC-KAVR-TMPY-2d6997,KAVR,TMPY,Kalavur Halt,Tumboli,Coastal Line (Alappuzha),TVC,SR,11,FORWARD,,NOT_AVAILABLE,SR_DATASET,V1,NOT_VERIFIED,SECONDARY_REFERENCE
SEC-TMPY-ALLP-ce1ba4,TMPY,ALLP,Tumboli,Alappuzha,Coastal Line (Alappuzha),TVC,SR,12,FORWARD,,NOT_AVAILABLE,SR_DATASET,V1,NOT_VERIFIED,SECONDARY_REFERENCE
SEC-ALLP-PNPR-586124,ALLP,PNPR,Alappuzha,Punnapra,Coastal Line (Alappuzha),TVC,SR,13,FORWARD,,NOT_AVAILABLE,SR_DATASET,V1,NOT_VERIFIED,SECONDARY_REFERENCE
SEC-PNPR-AMPA-140574,PNPR,AMPA,Punnapra,Ambalappuzha,Coastal Line (Alappuzha),TVC,SR,14,FORWARD,,NOT_AVAILABLE,SR_DATASET,V1,NOT_VERIFIED,SECONDARY_REFERENCE
SEC-AMPA-TZHI-eecc7a,AMPA,TZHI,Ambalappuzha,Takazhi,Coastal Line (Alappuzha),TVC,SR,15,FORWARD,,NOT_AVAILABLE,SR_DATASET,V1,NOT_VERIFIED,SECONDARY_REFERENCE
SEC-TZHI-KVTA-5ac895,TZHI,KVTA,Takazhi,Karuvatta Halt,Coastal Line (Alappuzha),TVC,SR,16,FORWARD,,NOT_AVAILABLE,SR_DATASET,V1,NOT_VERIFIED,SECONDARY_REFERENCE
SEC-KVTA-HAD-9b2558,KVTA,HAD,Karuvatta Halt,Haripad,Coastal Line (Alappuzha),TVC,SR,17,FORWARD,,NOT_AVAILABLE,SR_DATASET,V1,NOT_VERIFIED,SECONDARY_REFERENCE
SEC-HAD-CHPD-f17236,HAD,CHPD,Haripad,Cheppad,Coastal Line (Alappuzha),TVC,SR,18,FORWARD,,NOT_AVAILABLE,SR_DATASET,V1,NOT_VERIFIED,SECONDARY_REFERENCE
SEC-CHPD-KYJ-37a450,CHPD,KYJ,Cheppad,Kayamkulam Junction,Coastal Line (Alappuzha),TVC,SR,19,FORWARD,,NOT_AVAILABLE,SR_DATASET,V1,NOT_VERIFIED,SECONDARY_REFERENCE
SEC-TVC-NEM-c44742,TVC,NEM,Thiruvananthapuram Central,Nemom,Thiruvananthapuram (TVC) - Kanyakumari (CAPE),TVC,SR,2,FORWARD,,NOT_AVAILABLE,SR_DATASET,V1,NOT_VERIFIED,SECONDARY_REFERENCE
SEC-NEM-BRAM-b54eb0,NEM,BRAM,Nemom,Balaramapuram,Thiruvananthapuram (TVC) - Kanyakumari (CAPE),TVC,SR,3,FORWARD,,NOT_AVAILABLE,SR_DATASET,V1,NOT_VERIFIED,SECONDARY_REFERENCE
SEC-BRAM-NYY-5e2872,BRAM,NYY,Balaramapuram,Neyyattinkara,Thiruvananthapuram (TVC) - Kanyakumari (CAPE),TVC,SR,4,FORWARD,,NOT_AVAILABLE,SR_DATASET,V1,NOT_VERIFIED,SECONDARY_REFERENCE
SEC-NYY-AMVA-f19d78,NYY,AMVA,Neyyattinkara,Amaravila,Thiruvananthapuram (TVC) - Kanyakumari (CAPE),TVC,SR,5,FORWARD,,NOT_AVAILABLE,SR_DATASET,V1,NOT_VERIFIED,SECONDARY_REFERENCE
SEC-AMVA-DAVM-b3d814,AMVA,DAVM,Amaravila,Dhanuvachapuram,Thiruvananthapuram (TVC) - Kanyakumari (CAPE),TVC,SR,6,FORWARD,,NOT_AVAILABLE,SR_DATASET,V1,NOT_VERIFIED,SECONDARY_REFERENCE
SEC-DAVM-PASA-b7b210,DAVM,PASA,Dhanuvachapuram,Parassala,Thiruvananthapuram (TVC) - Kanyakumari (CAPE),TVC,SR,7,FORWARD,,NOT_AVAILABLE,SR_DATASET,V1,NOT_VERIFIED,SECONDARY_REFERENCE
SEC-PASA-KZTW-9f1888,PASA,KZTW,Parassala,Kulitturai West,Thiruvananthapuram (TVC) - Kanyakumari (CAPE),TVC,SR,8,FORWARD,,NOT_AVAILABLE,SR_DATASET,V1,NOT_VERIFIED,SECONDARY_REFERENCE
SEC-KZTW-KZT-1ccf82,KZTW,KZT,Kulitturai West,Kulitturai,Thiruvananthapuram (TVC) - Kanyakumari (CAPE),TVC,SR,9,FORWARD,,NOT_AVAILABLE,SR_DATASET,V1,NOT_VERIFIED,SECONDARY_REFERENCE
SEC-KZT-PYD-50a6d9,KZT,PYD,Kulitturai,Palliyadi,Thiruvananthapuram (TVC) - Kanyakumari (CAPE),TVC,SR,10,FORWARD,,NOT_AVAILABLE,SR_DATASET,V1,NOT_VERIFIED,SECONDARY_REFERENCE
SEC-PYD-ERL-6b407d,PYD,ERL,Palliyadi,Eraniel,Thiruvananthapuram (TVC) - Kanyakumari (CAPE),TVC,SR,11,FORWARD,,NOT_AVAILABLE,SR_DATASET,V1,NOT_VERIFIED,SECONDARY_REFERENCE
SEC-ERL-VRLR-3c91aa,ERL,VRLR,Eraniel,Virani Alur,Thiruvananthapuram (TVC) - Kanyakumari (CAPE),TVC,SR,12,FORWARD,,NOT_AVAILABLE,SR_DATASET,V1,NOT_VERIFIED,SECONDARY_REFERENCE
SEC-VRLR-NJT-859c50,VRLR,NJT,Virani Alur,Nagercoil Town,Thiruvananthapuram (TVC) - Kanyakumari (CAPE),TVC,SR,13,FORWARD,,NOT_AVAILABLE,SR_DATASET,V1,NOT_VERIFIED,SECONDARY_REFERENCE
SEC-NJT-NCJ-26473a,NJT,NCJ,Nagercoil Town,Nagercoil Junction,Thiruvananthapuram (TVC) - Kanyakumari (CAPE),TVC,SR,14,FORWARD,,NOT_AVAILABLE,SR_DATASET,V1,NOT_VERIFIED,SECONDARY_REFERENCE
SEC-NCJ-SUCH-fdfd30,NCJ,SUCH,Nagercoil Junction,Suchindram,Thiruvananthapuram (TVC) - Kanyakumari (CAPE),TVC,SR,15,FORWARD,,NOT_AVAILABLE,SR_DATASET,V1,NOT_VERIFIED,SECONDARY_REFERENCE
SEC-SUCH-CAPE-7dab3b,SUCH,CAPE,Suchindram,Kanyakumari,Thiruvananthapuram (TVC) - Kanyakumari (CAPE),TVC,SR,16,FORWARD,,NOT_AVAILABLE,SR_DATASET,V1,NOT_VERIFIED,SECONDARY_REFERENCE
SEC-TEN-MP-1ac10c,TEN,MP,Tirunelveli Junction,Melappalaiyam,Tirunelveli (TEN) - Nagercoil (NCJ),TVC,SR,2,FORWARD,,NOT_AVAILABLE,SR_DATASET,V1,NOT_VERIFIED,SECONDARY_REFERENCE
SEC-MP-SGLM-e1d73f,MP,SGLM,Melappalaiyam,Sengulam,Tirunelveli (TEN) - Nagercoil (NCJ),TVC,SR,3,FORWARD,,NOT_AVAILABLE,SR_DATASET,V1,NOT_VERIFIED,SECONDARY_REFERENCE
SEC-SGLM-NNN-51866c,SGLM,NNN,Sengulam,Nanguneri,Tirunelveli (TEN) - Nagercoil (NCJ),TVC,SR,4,FORWARD,,NOT_AVAILABLE,SR_DATASET,V1,NOT_VERIFIED,SECONDARY_REFERENCE
SEC-NNN-DYS-bdb832,NNN,DYS,Nanguneri,Dalapathy Samudram,Tirunelveli (TEN) - Nagercoil (NCJ),TVC,SR,5,FORWARD,,NOT_AVAILABLE,SR_DATASET,V1,NOT_VERIFIED,SECONDARY_REFERENCE
SEC-DYS-VLY-7bb418,DYS,VLY,Dalapathy Samudram,Valliyur,Tirunelveli (TEN) - Nagercoil (NCJ),TVC,SR,6,FORWARD,,NOT_AVAILABLE,SR_DATASET,V1,NOT_VERIFIED,SECONDARY_REFERENCE
SEC-VLY-NPK-726fa9,VLY,NPK,Valliyur,North Panakudi,Tirunelveli (TEN) - Nagercoil (NCJ),TVC,SR,7,FORWARD,,NOT_AVAILABLE,SR_DATASET,V1,NOT_VERIFIED,SECONDARY_REFERENCE
SEC-NPK-KVLK-1f49d5,NPK,KVLK,North Panakudi,Kavalkinaru,Tirunelveli (TEN) - Nagercoil (NCJ),TVC,SR,8,FORWARD,,NOT_AVAILABLE,SR_DATASET,V1,NOT_VERIFIED,SECONDARY_REFERENCE
SEC-KVLK-AAY-80c906,KVLK,AAY,Kavalkinaru,Aralvaymozhi,Tirunelveli (TEN) - Nagercoil (NCJ),TVC,SR,9,FORWARD,,NOT_AVAILABLE,SR_DATASET,V1,NOT_VERIFIED,SECONDARY_REFERENCE
SEC-AAY-THX-cb50b5,AAY,THX,Aralvaymozhi,Tovalai,Tirunelveli (TEN) - Nagercoil (NCJ),TVC,SR,10,FORWARD,,NOT_AVAILABLE,SR_DATASET,V1,NOT_VERIFIED,SECONDARY_REFERENCE
SEC-THX-NCJ-a782c6,THX,NCJ,Tovalai,Nagercoil Junction,Tirunelveli (TEN) - Nagercoil (NCJ),TVC,SR,11,FORWARD,,NOT_AVAILABLE,SR_DATASET,V1,NOT_VERIFIED,SECONDARY_REFERENCE
SEC-QLN-KLQ-9ccfc7,QLN,KLQ,Kollam Junction,Kilikollur,Kollam-Sengottai,TVC,SR,2,FORWARD,,NOT_AVAILABLE,SR_DATASET,V1,NOT_VERIFIED,SECONDARY_REFERENCE
SEC-KLQ-CTPE-bd9166,KLQ,CTPE,Kilikollur,Chandanatop,Kollam-Sengottai,TVC,SR,3,FORWARD,,NOT_AVAILABLE,SR_DATASET,V1,NOT_VERIFIED,SECONDARY_REFERENCE
SEC-CTPE-KFV-db4135,CTPE,KFV,Chandanatop,Kundara East,Kollam-Sengottai,TVC,SR,4,FORWARD,,NOT_AVAILABLE,SR_DATASET,V1,NOT_VERIFIED,SECONDARY_REFERENCE
SEC-KFV-KUV-a4122e,KFV,KUV,Kundara East,Kundara,Kollam-Sengottai,TVC,SR,5,FORWARD,,NOT_AVAILABLE,SR_DATASET,V1,NOT_VERIFIED,SECONDARY_REFERENCE
SEC-KUV-EKN-f17416,KUV,EKN,Kundara,Ezhukone,Kollam-Sengottai,TVC,SR,6,FORWARD,,NOT_AVAILABLE,SR_DATASET,V1,NOT_VERIFIED,SECONDARY_REFERENCE
SEC-EKN-KKZ-e313e8,EKN,KKZ,Ezhukone,Kottarakara,Kollam-Sengottai,TVC,SR,7,FORWARD,,NOT_AVAILABLE,SR_DATASET,V1,NOT_VERIFIED,SECONDARY_REFERENCE
SEC-KKZ-KIF-d3eeb6,KKZ,KIF,Kottarakara,Kuri,Kollam-Sengottai,TVC,SR,8,FORWARD,,NOT_AVAILABLE,SR_DATASET,V1,NOT_VERIFIED,SECONDARY_REFERENCE
SEC-KIF-AVS-5ac51b,KIF,AVS,Kuri,Auvaneeswaram,Kollam-Sengottai,TVC,SR,9,FORWARD,,NOT_AVAILABLE,SR_DATASET,V1,NOT_VERIFIED,SECONDARY_REFERENCE
SEC-AVS-PUU-d1995e,AVS,PUU,Auvaneeswaram,Punalur,Kollam-Sengottai,TVC,SR,10,FORWARD,,NOT_AVAILABLE,SR_DATASET,V1,NOT_VERIFIED,SECONDARY_REFERENCE
SEC-PUU-EDN-eb6a5b,PUU,EDN,Punalur,Edamann,Kollam-Sengottai,TVC,SR,11,FORWARD,,NOT_AVAILABLE,SR_DATASET,V1,NOT_VERIFIED,SECONDARY_REFERENCE
SEC-EDN-OKL-7958ed,EDN,OKL,Edamann,Ottakkal,Kollam-Sengottai,TVC,SR,12,FORWARD,,NOT_AVAILABLE,SR_DATASET,V1,NOT_VERIFIED,SECONDARY_REFERENCE
SEC-OKL-TML-1235d3,OKL,TML,Ottakkal,Tenmalai,Kollam-Sengottai,TVC,SR,13,FORWARD,,NOT_AVAILABLE,SR_DATASET,V1,NOT_VERIFIED,SECONDARY_REFERENCE
SEC-TML-KRA-7ff092,TML,KRA,Tenmalai,Kazhuthuruthy,Kollam-Sengottai,TVC,SR,14,FORWARD,,NOT_AVAILABLE,SR_DATASET,V1,NOT_VERIFIED,SECONDARY_REFERENCE
SEC-KRA-AYV-0a4d93,KRA,AYV,Kazhuthuruthy,Aryankavu,Kollam-Sengottai,TVC,SR,15,FORWARD,,NOT_AVAILABLE,SR_DATASET,V1,NOT_VERIFIED,SECONDARY_REFERENCE
SEC-AYV-BJM-c9ded4,AYV,BJM,Aryankavu,Bhagavathipuram,Kollam-Sengottai,TVC,SR,16,FORWARD,,NOT_AVAILABLE,SR_DATASET,V1,NOT_VERIFIED,SECONDARY_REFERENCE
SEC-BJM-SCT-e8c1ae,BJM,SCT,Bhagavathipuram,Sengottai,Kollam-Sengottai,TVC,SR,17,FORWARD,,NOT_AVAILABLE,SR_DATASET,V1,NOT_VERIFIED,SECONDARY_REFERENCE
SEC-DG-ABI-b79b8e,DG,ABI,Dindigul Junction,Ambaturai,Dindigul-Madurai-Tirunelveli,MDU,SR,2,FORWARD,,NOT_AVAILABLE,SR_DATASET,V1,NOT_VERIFIED,SECONDARY_REFERENCE
SEC-ABI-KQN-0ad383,ABI,KQN,Ambaturai,Kodaikanal Road,Dindigul-Madurai-Tirunelveli,MDU,SR,3,FORWARD,,NOT_AVAILABLE,SR_DATASET,V1,NOT_VERIFIED,SECONDARY_REFERENCE
SEC-KQN-VDP-786ece,KQN,VDP,Kodaikanal Road,Vadippatti,Dindigul-Madurai-Tirunelveli,MDU,SR,4,FORWARD,,NOT_AVAILABLE,SR_DATASET,V1,NOT_VERIFIED,SECONDARY_REFERENCE
SEC-VDP-SDN-88c812,VDP,SDN,Vadippatti,Sholavandan,Dindigul-Madurai-Tirunelveli,MDU,SR,5,FORWARD,,NOT_AVAILABLE,SR_DATASET,V1,NOT_VERIFIED,SECONDARY_REFERENCE
SEC-SDN-SER-c116bf,SDN,SER,Sholavandan,Samayanallur,Dindigul-Madurai-Tirunelveli,MDU,SR,6,FORWARD,,NOT_AVAILABLE,SR_DATASET,V1,NOT_VERIFIED,SECONDARY_REFERENCE
SEC-SER-KON-063f24,SER,KON,Samayanallur,Kudalnagar,Dindigul-Madurai-Tirunelveli,MDU,SR,7,FORWARD,,NOT_AVAILABLE,SR_DATASET,V1,NOT_VERIFIED,SECONDARY_REFERENCE
SEC-KON-MDU-f5dce5,KON,MDU,Kudalnagar,Madurai Junction,Dindigul-Madurai-Tirunelveli,MDU,SR,8,FORWARD,,NOT_AVAILABLE,SR_DATASET,V1,NOT_VERIFIED,SECONDARY_REFERENCE
SEC-MDU-TDN-08eb84,MDU,TDN,Madurai Junction,Tirupparankundram,Dindigul-Madurai-Tirunelveli,MDU,SR,9,FORWARD,,NOT_AVAILABLE,SR_DATASET,V1,NOT_VERIFIED,SECONDARY_REFERENCE
SEC-TDN-TMQ-217445,TDN,TMQ,Tirupparankundram,Tirumangalam,Dindigul-Madurai-Tirunelveli,MDU,SR,10,FORWARD,,NOT_AVAILABLE,SR_DATASET,V1,NOT_VERIFIED,SECONDARY_REFERENCE
SEC-TMQ-KGD-0e6a97,TMQ,KGD,Tirumangalam,Kalligudi,Dindigul-Madurai-Tirunelveli,MDU,SR,11,FORWARD,,NOT_AVAILABLE,SR_DATASET,V1,NOT_VERIFIED,SECONDARY_REFERENCE
SEC-KGD-VPT-851d39,KGD,VPT,Kalligudi,Virudhunagar Junction,Dindigul-Madurai-Tirunelveli,MDU,SR,12,FORWARD,,NOT_AVAILABLE,SR_DATASET,V1,NOT_VERIFIED,SECONDARY_REFERENCE
SEC-VPT-TY-fedc66,VPT,TY,Virudhunagar Junction,Tulukapati,Dindigul-Madurai-Tirunelveli,MDU,SR,13,FORWARD,,NOT_AVAILABLE,SR_DATASET,V1,NOT_VERIFIED,SECONDARY_REFERENCE
SEC-TY-SRT-c79a44,TY,SRT,Tulukapati,Sattur,Dindigul-Madurai-Tirunelveli,MDU,SR,14,FORWARD,,NOT_AVAILABLE,SR_DATASET,V1,NOT_VERIFIED,SECONDARY_REFERENCE
SEC-SRT-NLL-ff1c98,SRT,NLL,Sattur,Nalli,Dindigul-Madurai-Tirunelveli,MDU,SR,15,FORWARD,,NOT_AVAILABLE,SR_DATASET,V1,NOT_VERIFIED,SECONDARY_REFERENCE
SEC-NLL-CVP-590b3a,NLL,CVP,Nalli,Kovilpatti,Dindigul-Madurai-Tirunelveli,MDU,SR,16,FORWARD,,NOT_AVAILABLE,SR_DATASET,V1,NOT_VERIFIED,SECONDARY_REFERENCE
SEC-CVP-KDU-02cfbf,CVP,KDU,Kovilpatti,Kadambur,Dindigul-Madurai-Tirunelveli,MDU,SR,17,FORWARD,,NOT_AVAILABLE,SR_DATASET,V1,NOT_VERIFIED,SECONDARY_REFERENCE
SEC-KDU-IVL-d6fdc5,KDU,IVL,Kadambur,Ilavelangal,Dindigul-Madurai-Tirunelveli,MDU,SR,18,FORWARD,,NOT_AVAILABLE,SR_DATASET,V1,NOT_VERIFIED,SECONDARY_REFERENCE
SEC-IVL-MEJ-04d508,IVL,MEJ,Ilavelangal,Vanchi Maniyachchi,Dindigul-Madurai-Tirunelveli,MDU,SR,19,FORWARD,,NOT_AVAILABLE,SR_DATASET,V1,NOT_VERIFIED,SECONDARY_REFERENCE
SEC-MEJ-NRK-aa4b5d,MEJ,NRK,Vanchi Maniyachchi,Naraikkinaru,Dindigul-Madurai-Tirunelveli,MDU,SR,20,FORWARD,,NOT_AVAILABLE,SR_DATASET,V1,NOT_VERIFIED,SECONDARY_REFERENCE
SEC-NRK-GDN-a970a4,NRK,GDN,Naraikkinaru,Gangaikondan,Dindigul-Madurai-Tirunelveli,MDU,SR,21,FORWARD,,NOT_AVAILABLE,SR_DATASET,V1,NOT_VERIFIED,SECONDARY_REFERENCE
SEC-GDN-TAY-e674b1,GDN,TAY,Gangaikondan,Talaiyuthu,Dindigul-Madurai-Tirunelveli,MDU,SR,22,FORWARD,,NOT_AVAILABLE,SR_DATASET,V1,NOT_VERIFIED,SECONDARY_REFERENCE
SEC-TAY-TEN-b8e2a0,TAY,TEN,Talaiyuthu,Tirunelveli Junction,Dindigul-Madurai-Tirunelveli,MDU,SR,23,FORWARD,,NOT_AVAILABLE,SR_DATASET,V1,NOT_VERIFIED,SECONDARY_REFERENCE
SEC-MDU-MES-59c6e9,MDU,MES,Madurai Junction,Madurai East,Madurai-Rameswaram,MDU,SR,2,FORWARD,,NOT_AVAILABLE,SR_DATASET,V1,NOT_VERIFIED,SECONDARY_REFERENCE
SEC-MES-ILA-9a30d9,MES,ILA,Madurai East,Silaiman,Madurai-Rameswaram,MDU,SR,3,FORWARD,,NOT_AVAILABLE,SR_DATASET,V1,NOT_VERIFIED,SECONDARY_REFERENCE
SEC-ILA-TVN-93f516,ILA,TVN,Silaiman,Tiruppuvanam,Madurai-Rameswaram,MDU,SR,4,FORWARD,,NOT_AVAILABLE,SR_DATASET,V1,NOT_VERIFIED,SECONDARY_REFERENCE
SEC-TVN-TPC-78099a,TVN,TPC,Tiruppuvanam,Tiruppachetti,Madurai-Rameswaram,MDU,SR,5,FORWARD,,NOT_AVAILABLE,SR_DATASET,V1,NOT_VERIFIED,SECONDARY_REFERENCE
SEC-TPC-RAGM-2d09e6,TPC,RAGM,Tiruppachetti,Rajagambiram,Madurai-Rameswaram,MDU,SR,6,FORWARD,,NOT_AVAILABLE,SR_DATASET,V1,NOT_VERIFIED,SECONDARY_REFERENCE
SEC-RAGM-MNM-6f4830,RAGM,MNM,Rajagambiram,Manamadurai Junction,Madurai-Rameswaram,MDU,SR,7,FORWARD,,NOT_AVAILABLE,SR_DATASET,V1,NOT_VERIFIED,SECONDARY_REFERENCE
SEC-MNM-SUX-394a82,MNM,SUX,Manamadurai Junction,Sudiyur,Madurai-Rameswaram,MDU,SR,8,FORWARD,,NOT_AVAILABLE,SR_DATASET,V1,NOT_VERIFIED,SECONDARY_REFERENCE
SEC-SUX-PMK-d2c2c8,SUX,PMK,Sudiyur,Paramakudi,Madurai-Rameswaram,MDU,SR,9,FORWARD,,NOT_AVAILABLE,SR_DATASET,V1,NOT_VERIFIED,SECONDARY_REFERENCE
SEC-PMK-SQD-912943,PMK,SQD,Paramakudi,Sattirakkudi,Madurai-Rameswaram,MDU,SR,10,FORWARD,,NOT_AVAILABLE,SR_DATASET,V1,NOT_VERIFIED,SECONDARY_REFERENCE
SEC-SQD-RMD-0a8fb7,SQD,RMD,Sattirakkudi,Ramanathapuram,Madurai-Rameswaram,MDU,SR,11,FORWARD,,NOT_AVAILABLE,SR_DATASET,V1,NOT_VERIFIED,SECONDARY_REFERENCE
SEC-RMD-VTV-e5c86e,RMD,VTV,Ramanathapuram,Valantaravai,Madurai-Rameswaram,MDU,SR,12,FORWARD,,NOT_AVAILABLE,SR_DATASET,V1,NOT_VERIFIED,SECONDARY_REFERENCE
SEC-VTV-UCP-08b00a,VTV,UCP,Valantaravai,Uchippuli,Madurai-Rameswaram,MDU,SR,13,FORWARD,,NOT_AVAILABLE,SR_DATASET,V1,NOT_VERIFIED,SECONDARY_REFERENCE
SEC-UCP-MC-49ace4,UCP,MC,Uchippuli,Mandapam Camp,Madurai-Rameswaram,MDU,SR,14,FORWARD,,NOT_AVAILABLE,SR_DATASET,V1,NOT_VERIFIED,SECONDARY_REFERENCE
SEC-MC-MMM-9d10f2,MC,MMM,Mandapam Camp,Mandapam,Madurai-Rameswaram,MDU,SR,15,FORWARD,,NOT_AVAILABLE,SR_DATASET,V1,NOT_VERIFIED,SECONDARY_REFERENCE
SEC-MMM-PBM-ef33ba,MMM,PBM,Mandapam,Pamban Junction,Madurai-Rameswaram,MDU,SR,16,FORWARD,,NOT_AVAILABLE,SR_DATASET,V1,NOT_VERIFIED,SECONDARY_REFERENCE
SEC-PBM-RMM-e4b726,PBM,RMM,Pamban Junction,Rameswaram,Madurai-Rameswaram,MDU,SR,17,FORWARD,,NOT_AVAILABLE,SR_DATASET,V1,NOT_VERIFIED,SECONDARY_REFERENCE
SEC-VPT-TTL-beb46a,VPT,TTL,Virudhunagar Junction,Tiruttangal,Virudhunagar-Sengottai,MDU,SR,2,FORWARD,,NOT_AVAILABLE,SR_DATASET,V1,NOT_VERIFIED,SECONDARY_REFERENCE
SEC-TTL-SVKS-4ae14e,TTL,SVKS,Tiruttangal,Sivakasi,Virudhunagar-Sengottai,MDU,SR,3,FORWARD,,NOT_AVAILABLE,SR_DATASET,V1,NOT_VERIFIED,SECONDARY_REFERENCE
SEC-SVKS-SVPR-63ef28,SVKS,SVPR,Sivakasi,Srivilliputtur,Virudhunagar-Sengottai,MDU,SR,4,FORWARD,,NOT_AVAILABLE,SR_DATASET,V1,NOT_VERIFIED,SECONDARY_REFERENCE
SEC-SVPR-RJPM-e79470,SVPR,RJPM,Srivilliputtur,Rajapalayam,Virudhunagar-Sengottai,MDU,SR,5,FORWARD,,NOT_AVAILABLE,SR_DATASET,V1,NOT_VERIFIED,SECONDARY_REFERENCE
SEC-RJPM-CPM-0edc6e,RJPM,CPM,Rajapalayam,Cholapuram,Virudhunagar-Sengottai,MDU,SR,6,FORWARD,,NOT_AVAILABLE,SR_DATASET,V1,NOT_VERIFIED,SECONDARY_REFERENCE
SEC-CPM-SNKL-92fa66,CPM,SNKL,Cholapuram,Sankarankovil,Virudhunagar-Sengottai,MDU,SR,7,FORWARD,,NOT_AVAILABLE,SR_DATASET,V1,NOT_VERIFIED,SECONDARY_REFERENCE
SEC-SNKL-PBKS-2d7144,SNKL,PBKS,Sankarankovil,Pamba Kovil Shandy,Virudhunagar-Sengottai,MDU,SR,8,FORWARD,,NOT_AVAILABLE,SR_DATASET,V1,NOT_VERIFIED,SECONDARY_REFERENCE
SEC-PBKS-KDNL-7bf4da,PBKS,KDNL,Pamba Kovil Shandy,Kadayanallur,Virudhunagar-Sengottai,MDU,SR,9,FORWARD,,NOT_AVAILABLE,SR_DATASET,V1,NOT_VERIFIED,SECONDARY_REFERENCE
SEC-KDNL-TSI-768a51,KDNL,TSI,Kadayanallur,Tenkasi Junction,Virudhunagar-Sengottai,MDU,SR,10,FORWARD,,NOT_AVAILABLE,SR_DATASET,V1,NOT_VERIFIED,SECONDARY_REFERENCE
SEC-TSI-SCT-20b808,TSI,SCT,Tenkasi Junction,Sengottai,Virudhunagar-Sengottai,MDU,SR,11,FORWARD,,NOT_AVAILABLE,SR_DATASET,V1,NOT_VERIFIED,SECONDARY_REFERENCE
SEC-TEN-TYT-186e28,TEN,TYT,Tirunelveli Junction,Tirunelveli Town,Tirunelveli to Sengottai,MDU,SR,2,FORWARD,,NOT_AVAILABLE,SR_DATASET,V1,NOT_VERIFIED,SECONDARY_REFERENCE
SEC-TYT-PEA-9f45e4,TYT,PEA,Tirunelveli Town,Pettai,Tirunelveli to Sengottai,MDU,SR,3,FORWARD,,NOT_AVAILABLE,SR_DATASET,V1,NOT_VERIFIED,SECONDARY_REFERENCE
SEC-PEA-SMD-7daeeb,PEA,SMD,Pettai,Cheranmahadevi,Tirunelveli to Sengottai,MDU,SR,4,FORWARD,,NOT_AVAILABLE,SR_DATASET,V1,NOT_VERIFIED,SECONDARY_REFERENCE
SEC-SMD-KARK-a17bc8,SMD,KARK,Cheranmahadevi,Karaikkurichi,Tirunelveli to Sengottai,MDU,SR,5,FORWARD,,NOT_AVAILABLE,SR_DATASET,V1,NOT_VERIFIED,SECONDARY_REFERENCE
SEC-KARK-VVR-43fe5c,KARK,VVR,Karaikkurichi,Viravanallur,Tirunelveli to Sengottai,MDU,SR,6,FORWARD,,NOT_AVAILABLE,SR_DATASET,V1,NOT_VERIFIED,SECONDARY_REFERENCE
SEC-VVR-KIC-0ae038,VVR,KIC,Viravanallur,Kallidaikurichi,Tirunelveli to Sengottai,MDU,SR,7,FORWARD,,NOT_AVAILABLE,SR_DATASET,V1,NOT_VERIFIED,SECONDARY_REFERENCE
SEC-KIC-ASD-b283a7,KIC,ASD,Kallidaikurichi,Ambasamudram,Tirunelveli to Sengottai,MDU,SR,8,FORWARD,,NOT_AVAILABLE,SR_DATASET,V1,NOT_VERIFIED,SECONDARY_REFERENCE
SEC-ASD-KIB-640c6e,ASD,KIB,Ambasamudram,Kizha Ambur,Tirunelveli to Sengottai,MDU,SR,9,FORWARD,,NOT_AVAILABLE,SR_DATASET,V1,NOT_VERIFIED,SECONDARY_REFERENCE
SEC-KIB-AZK-cd7147,KIB,AZK,Kizha Ambur,Alwarkurichi,Tirunelveli to Sengottai,MDU,SR,10,FORWARD,,NOT_AVAILABLE,SR_DATASET,V1,NOT_VERIFIED,SECONDARY_REFERENCE
SEC-AZK-RVS-220060,AZK,RVS,Alwarkurichi,Ravanasamudram,Tirunelveli to Sengottai,MDU,SR,11,FORWARD,,NOT_AVAILABLE,SR_DATASET,V1,NOT_VERIFIED,SECONDARY_REFERENCE
SEC-RVS-KKY-e285ef,RVS,KKY,Ravanasamudram,Kizhakadayam,Tirunelveli to Sengottai,MDU,SR,12,FORWARD,,NOT_AVAILABLE,SR_DATASET,V1,NOT_VERIFIED,SECONDARY_REFERENCE
SEC-KKY-MTE-bad127,KKY,MTE,Kizhakadayam,Mettur,Tirunelveli to Sengottai,MDU,SR,13,FORWARD,,NOT_AVAILABLE,SR_DATASET,V1,NOT_VERIFIED,SECONDARY_REFERENCE
SEC-MTE-PCM-e374f3,MTE,PCM,Mettur,Pavurchatram,Tirunelveli to Sengottai,MDU,SR,14,FORWARD,,NOT_AVAILABLE,SR_DATASET,V1,NOT_VERIFIED,SECONDARY_REFERENCE
SEC-PCM-KYZ-865aa5,PCM,KYZ,Pavurchatram,Kizha Puliyur,Tirunelveli to Sengottai,MDU,SR,15,FORWARD,,NOT_AVAILABLE,SR_DATASET,V1,NOT_VERIFIED,SECONDARY_REFERENCE
SEC-KYZ-TSI-da77eb,KYZ,TSI,Kizha Puliyur,Tenkasi Junction,Tirunelveli to Sengottai,MDU,SR,16,FORWARD,,NOT_AVAILABLE,SR_DATASET,V1,NOT_VERIFIED,SECONDARY_REFERENCE
SEC-TSI-SCT-4f10bf,TSI,SCT,Tenkasi Junction,Sengottai,Tirunelveli to Sengottai,MDU,SR,17,FORWARD,,NOT_AVAILABLE,SR_DATASET,V1,NOT_VERIFIED,SECONDARY_REFERENCE
SEC-TEN-PCO-c82050,TEN,PCO,Tirunelveli Junction,Palayamkottai,Tirunelveli to Tiruchendur,MDU,SR,2,FORWARD,,NOT_AVAILABLE,SR_DATASET,V1,NOT_VERIFIED,SECONDARY_REFERENCE
SEC-PCO-SDNR-c9e2ee,PCO,SDNR,Palayamkottai,Seydunganallur,Tirunelveli to Tiruchendur,MDU,SR,3,FORWARD,,NOT_AVAILABLE,SR_DATASET,V1,NOT_VERIFIED,SECONDARY_REFERENCE
SEC-SDNR-TTQ-0b146c,SDNR,TTQ,Seydunganallur,Thathankulam,Tirunelveli to Tiruchendur,MDU,SR,4,FORWARD,,NOT_AVAILABLE,SR_DATASET,V1,NOT_VERIFIED,SECONDARY_REFERENCE
SEC-TTQ-SVV-63bf49,TTQ,SVV,Thathankulam,Srivaikuntam,Tirunelveli to Tiruchendur,MDU,SR,5,FORWARD,,NOT_AVAILABLE,SR_DATASET,V1,NOT_VERIFIED,SECONDARY_REFERENCE
SEC-SVV-AWT-83367f,SVV,AWT,Srivaikuntam,Alwar Tirunagri,Tirunelveli to Tiruchendur,MDU,SR,6,FORWARD,,NOT_AVAILABLE,SR_DATASET,V1,NOT_VERIFIED,SECONDARY_REFERENCE
SEC-AWT-NZT-505c4c,AWT,NZT,Alwar Tirunagri,Nazareth,Tirunelveli to Tiruchendur,MDU,SR,7,FORWARD,,NOT_AVAILABLE,SR_DATASET,V1,NOT_VERIFIED,SECONDARY_REFERENCE
SEC-NZT-KCHV-6805e4,NZT,KCHV,Nazareth,Kachchanvilai,Tirunelveli to Tiruchendur,MDU,SR,8,FORWARD,,NOT_AVAILABLE,SR_DATASET,V1,NOT_VERIFIED,SECONDARY_REFERENCE
SEC-KCHV-KZB-9ec9ac,KCHV,KZB,Kachchanvilai,Kurumbur,Tirunelveli to Tiruchendur,MDU,SR,9,FORWARD,,NOT_AVAILABLE,SR_DATASET,V1,NOT_VERIFIED,SECONDARY_REFERENCE
SEC-KZB-ANY-f5a83e,KZB,ANY,Kurumbur,Arumuganeri,Tirunelveli to Tiruchendur,MDU,SR,10,FORWARD,,NOT_AVAILABLE,SR_DATASET,V1,NOT_VERIFIED,SECONDARY_REFERENCE
SEC-ANY-KZY-83442b,ANY,KZY,Arumuganeri,Kayalpattinam,Tirunelveli to Tiruchendur,MDU,SR,11,FORWARD,,NOT_AVAILABLE,SR_DATASET,V1,NOT_VERIFIED,SECONDARY_REFERENCE
SEC-KZY-TCN-fe545b,KZY,TCN,Kayalpattinam,Tiruchendur,Tirunelveli to Tiruchendur,MDU,SR,12,FORWARD,,NOT_AVAILABLE,SR_DATASET,V1,NOT_VERIFIED,SECONDARY_REFERENCE
SEC-MDU-VAJ-cfd396,MDU,VAJ,Madurai Junction,Vadapalanji,Madurai Junction–Bodinayakanur,MDU,SR,2,FORWARD,,NOT_AVAILABLE,SR_DATASET,V1,NOT_VERIFIED,SECONDARY_REFERENCE
SEC-VAJ-USLP-a92532,VAJ,USLP,Vadapalanji,Usilampatti,Madurai Junction–Bodinayakanur,MDU,SR,3,FORWARD,,NOT_AVAILABLE,SR_DATASET,V1,NOT_VERIFIED,SECONDARY_REFERENCE
SEC-USLP-ADPT-33fff8,USLP,ADPT,Usilampatti,Andipatti,Madurai Junction–Bodinayakanur,MDU,SR,4,FORWARD,,NOT_AVAILABLE,SR_DATASET,V1,NOT_VERIFIED,SECONDARY_REFERENCE
SEC-ADPT-TENI-fb89fa,ADPT,TENI,Andipatti,Theni,Madurai Junction–Bodinayakanur,MDU,SR,5,FORWARD,,NOT_AVAILABLE,SR_DATASET,V1,NOT_VERIFIED,SECONDARY_REFERENCE
SEC-TENI-BDNK-c5499c,TENI,BDNK,Theni,Bodinayakanur,Madurai Junction–Bodinayakanur,MDU,SR,6,FORWARD,,NOT_AVAILABLE,SR_DATASET,V1,NOT_VERIFIED,SECONDARY_REFERENCE
SEC-MEJ-KLPM-4f6d65,MEJ,KLPM,Vanchi Maniyachchi Junction,Kailasapuram,Vanchi Maniyachchi Junction – Tuticorin,MDU,SR,2,FORWARD,,NOT_AVAILABLE,SR_DATASET,V1,NOT_VERIFIED,SECONDARY_REFERENCE
SEC-KLPM-TIP-53cff8,KLPM,TIP,Kailasapuram,Tattapparai,Vanchi Maniyachchi Junction – Tuticorin,MDU,SR,3,FORWARD,,NOT_AVAILABLE,SR_DATASET,V1,NOT_VERIFIED,SECONDARY_REFERENCE
SEC-TIP-MVN-70a2d0,TIP,MVN,Tattapparai,Milavittan,Vanchi Maniyachchi Junction – Tuticorin,MDU,SR,4,FORWARD,,NOT_AVAILABLE,SR_DATASET,V1,NOT_VERIFIED,SECONDARY_REFERENCE
SEC-MVN-TME-e09fd1,MVN,TME,Milavittan,Tuti Melur,Vanchi Maniyachchi Junction – Tuticorin,MDU,SR,5,FORWARD,,NOT_AVAILABLE,SR_DATASET,V1,NOT_VERIFIED,SECONDARY_REFERENCE
SEC-TME-TN-8dd3cf,TME,TN,Tuti Melur,Tuticorin,Vanchi Maniyachchi Junction – Tuticorin,MDU,SR,6,FORWARD,,NOT_AVAILABLE,SR_DATASET,V1,NOT_VERIFIED,SECONDARY_REFERENCE
SEC-MNM-NKK-b90935,MNM,NKK,Manamadurai Junction,Narikkudi,Manamadurai-Virudhunagar,MDU,SR,2,FORWARD,,NOT_AVAILABLE,SR_DATASET,V1,NOT_VERIFIED,SECONDARY_REFERENCE
SEC-NKK-TCH-e79930,NKK,TCH,Narikkudi,Tiruchchuli,Manamadurai-Virudhunagar,MDU,SR,3,FORWARD,,NOT_AVAILABLE,SR_DATASET,V1,NOT_VERIFIED,SECONDARY_REFERENCE
SEC-TCH-APK-003949,TCH,APK,Tiruchchuli,Aruppukkottai,Manamadurai-Virudhunagar,MDU,SR,4,FORWARD,,NOT_AVAILABLE,SR_DATASET,V1,NOT_VERIFIED,SECONDARY_REFERENCE
SEC-APK-VPT-4522a1,APK,VPT,Aruppukkottai,Virudhunagar Junction,Manamadurai-Virudhunagar,MDU,SR,5,FORWARD,,NOT_AVAILABLE,SR_DATASET,V1,NOT_VERIFIED,SECONDARY_REFERENCE
SEC-MNM-MEKM-1fcdd0,MNM,MEKM,Manamadurai Junction,Melakkonnakkulam,Manamadurai-Trichy (via Karaikkudi),MDU,SR,2,FORWARD,,NOT_AVAILABLE,SR_DATASET,V1,NOT_VERIFIED,SECONDARY_REFERENCE
SEC-MEKM-SVGA-e62fa7,MEKM,SVGA,Melakkonnakkulam,Sivaganga,Manamadurai-Trichy (via Karaikkudi),MDU,SR,3,FORWARD,,NOT_AVAILABLE,SR_DATASET,V1,NOT_VERIFIED,SECONDARY_REFERENCE
SEC-SVGA-PNGI-701bb4,SVGA,PNGI,Sivaganga,Panangudi,Manamadurai-Trichy (via Karaikkudi),MDU,SR,4,FORWARD,,NOT_AVAILABLE,SR_DATASET,V1,NOT_VERIFIED,SECONDARY_REFERENCE
SEC-PNGI-KAL-cd39c1,PNGI,KAL,Panangudi,Kallal,Manamadurai-Trichy (via Karaikkudi),MDU,SR,5,FORWARD,,NOT_AVAILABLE,SR_DATASET,V1,NOT_VERIFIED,SECONDARY_REFERENCE
SEC-KAL-DKO-37b47c,KAL,DKO,Kallal,Devakottai Road,Manamadurai-Trichy (via Karaikkudi),MDU,SR,6,FORWARD,,NOT_AVAILABLE,SR_DATASET,V1,NOT_VERIFIED,SECONDARY_REFERENCE
SEC-DKO-KKDI-d278a2,DKO,KKDI,Devakottai Road,Karaikkudi Junction,Manamadurai-Trichy (via Karaikkudi),MDU,SR,7,FORWARD,,NOT_AVAILABLE,SR_DATASET,V1,NOT_VERIFIED,SECONDARY_REFERENCE
SEC-KKDI-KTYR-c4ff10,KKDI,KTYR,Karaikkudi Junction,Kottaiyur,Manamadurai-Trichy (via Karaikkudi),MDU,SR,8,FORWARD,,NOT_AVAILABLE,SR_DATASET,V1,NOT_VERIFIED,SECONDARY_REFERENCE
SEC-KTYR-CTND-dfe776,KTYR,CTND,Kottaiyur,Chettinad,Manamadurai-Trichy (via Karaikkudi),MDU,SR,9,FORWARD,,NOT_AVAILABLE,SR_DATASET,V1,NOT_VERIFIED,SECONDARY_REFERENCE
SEC-CTND-TYM-79be31,CTND,TYM,Chettinad,Tirumayam,Manamadurai-Trichy (via Karaikkudi),MDU,SR,10,FORWARD,,NOT_AVAILABLE,SR_DATASET,V1,NOT_VERIFIED,SECONDARY_REFERENCE
SEC-TYM-NMN-f91dc6,TYM,NMN,Tirumayam,Namanasamudram,Manamadurai-Trichy (via Karaikkudi),MDU,SR,11,FORWARD,,NOT_AVAILABLE,SR_DATASET,V1,NOT_VERIFIED,SECONDARY_REFERENCE
SEC-NMN-PDKT-1e15c4,NMN,PDKT,Namanasamudram,Pudukkottai,Manamadurai-Trichy (via Karaikkudi),MDU,SR,12,FORWARD,,NOT_AVAILABLE,SR_DATASET,V1,NOT_VERIFIED,SECONDARY_REFERENCE
SEC-PDKT-VEL-b80b78,PDKT,VEL,Pudukkottai,Vellanur,Manamadurai-Trichy (via Karaikkudi),MDU,SR,13,FORWARD,,NOT_AVAILABLE,SR_DATASET,V1,NOT_VERIFIED,SECONDARY_REFERENCE
SEC-VEL-KRUR-a0f341,VEL,KRUR,Vellanur,Keeranur,Manamadurai-Trichy (via Karaikkudi),MDU,SR,14,FORWARD,,NOT_AVAILABLE,SR_DATASET,V1,NOT_VERIFIED,SECONDARY_REFERENCE
SEC-KRUR-KRMG-656e1c,KRUR,KRMG,Keeranur,Kumaramangalam,Manamadurai-Trichy (via Karaikkudi),MDU,SR,15,FORWARD,,NOT_AVAILABLE,SR_DATASET,V1,NOT_VERIFIED,SECONDARY_REFERENCE
SEC-KRMG-TPJ-41d38b,KRMG,TPJ,Kumaramangalam,Tiruchirappalli Junction,Manamadurai-Trichy (via Karaikkudi),MDU,SR,16,FORWARD,,NOT_AVAILABLE,SR_DATASET,V1,NOT_VERIFIED,SECONDARY_REFERENCE
SEC-VM-TVNL-a45ae7,VM,TVNL,Villupuram Junction,Tiruvennainallur,Villupuram-Trichy Chord,TRICHY,SR,2,FORWARD,,NOT_AVAILABLE,SR_DATASET,V1,NOT_VERIFIED,SECONDARY_REFERENCE
SEC-TVNL-PRT-d5b759,TVNL,PRT,Tiruvennainallur,Panruti,Villupuram-Trichy Chord,TRICHY,SR,3,FORWARD,,NOT_AVAILABLE,SR_DATASET,V1,NOT_VERIFIED,SECONDARY_REFERENCE
SEC-PRT-ULU-104ee1,PRT,ULU,Panruti,Ulundurpet,Villupuram-Trichy Chord,TRICHY,SR,4,FORWARD,,NOT_AVAILABLE,SR_DATASET,V1,NOT_VERIFIED,SECONDARY_REFERENCE
SEC-ULU-PVN-31e9b2,ULU,PVN,Ulundurpet,Puvanur,Villupuram-Trichy Chord,TRICHY,SR,5,FORWARD,,NOT_AVAILABLE,SR_DATASET,V1,NOT_VERIFIED,SECONDARY_REFERENCE
SEC-PVN-VRI-a6d960,PVN,VRI,Puvanur,Vridhachalam Junction,Villupuram-Trichy Chord,TRICHY,SR,6,FORWARD,,NOT_AVAILABLE,SR_DATASET,V1,NOT_VERIFIED,SECONDARY_REFERENCE
SEC-VRI-VRT-384938,VRI,VRT,Vridhachalam Junction,Vriddhachalam Town,Villupuram-Trichy Chord,TRICHY,SR,7,FORWARD,,NOT_AVAILABLE,SR_DATASET,V1,NOT_VERIFIED,SECONDARY_REFERENCE
SEC-VRT-PNDM-79f809,VRT,PNDM,Vriddhachalam Town,Pennadam,Villupuram-Trichy Chord,TRICHY,SR,8,FORWARD,,NOT_AVAILABLE,SR_DATASET,V1,NOT_VERIFIED,SECONDARY_REFERENCE
SEC-PNDM-ICG-4350e7,PNDM,ICG,Pennadam,Ichchangadu,Villupuram-Trichy Chord,TRICHY,SR,9,FORWARD,,NOT_AVAILABLE,SR_DATASET,V1,NOT_VERIFIED,SECONDARY_REFERENCE
SEC-ICG-MTUR-ffe268,ICG,MTUR,Ichchangadu,Mathur,Villupuram-Trichy Chord,TRICHY,SR,10,FORWARD,,NOT_AVAILABLE,SR_DATASET,V1,NOT_VERIFIED,SECONDARY_REFERENCE
SEC-MTUR-SNDI-b038de,MTUR,SNDI,Mathur,Sendurai,Villupuram-Trichy Chord,TRICHY,SR,11,FORWARD,,NOT_AVAILABLE,SR_DATASET,V1,NOT_VERIFIED,SECONDARY_REFERENCE
SEC-SNDI-ALU-05ede4,SNDI,ALU,Sendurai,Ariyalur,Villupuram-Trichy Chord,TRICHY,SR,12,FORWARD,,NOT_AVAILABLE,SR_DATASET,V1,NOT_VERIFIED,SECONDARY_REFERENCE
SEC-ALU-SLTH-700a13,ALU,SLTH,Ariyalur,Sillakkudi,Villupuram-Trichy Chord,TRICHY,SR,13,FORWARD,,NOT_AVAILABLE,SR_DATASET,V1,NOT_VERIFIED,SECONDARY_REFERENCE
SEC-SLTH-KLGM-bdd7fa,SLTH,KLGM,Sillakkudi,Kallagam,Villupuram-Trichy Chord,TRICHY,SR,14,FORWARD,,NOT_AVAILABLE,SR_DATASET,V1,NOT_VERIFIED,SECONDARY_REFERENCE
SEC-KLGM-KKPM-0fba18,KLGM,KKPM,Kallagam,Kallakkudi Palanganatham,Villupuram-Trichy Chord,TRICHY,SR,15,FORWARD,,NOT_AVAILABLE,SR_DATASET,V1,NOT_VERIFIED,SECONDARY_REFERENCE
SEC-KKPM-PMB-fd1d22,KKPM,PMB,Kallakkudi Palanganatham,Pullambadi,Villupuram-Trichy Chord,TRICHY,SR,16,FORWARD,,NOT_AVAILABLE,SR_DATASET,V1,NOT_VERIFIED,SECONDARY_REFERENCE
SEC-PMB-KTTR-99bdf1,PMB,KTTR,Pullambadi,Kattur,Villupuram-Trichy Chord,TRICHY,SR,17,FORWARD,,NOT_AVAILABLE,SR_DATASET,V1,NOT_VERIFIED,SECONDARY_REFERENCE
SEC-KTTR-LLI-057892,KTTR,LLI,Kattur,Lalgudi,Villupuram-Trichy Chord,TRICHY,SR,18,FORWARD,,NOT_AVAILABLE,SR_DATASET,V1,NOT_VERIFIED,SECONDARY_REFERENCE
SEC-LLI-VLDE-d3fd22,LLI,VLDE,Lalgudi,Valadi,Villupuram-Trichy Chord,TRICHY,SR,19,FORWARD,,NOT_AVAILABLE,SR_DATASET,V1,NOT_VERIFIED,SECONDARY_REFERENCE
SEC-VLDE-BXS-b4c5e2,VLDE,BXS,Valadi,Pichchandarkovil,Villupuram-Trichy Chord,TRICHY,SR,20,FORWARD,,NOT_AVAILABLE,SR_DATASET,V1,NOT_VERIFIED,SECONDARY_REFERENCE
SEC-BXS-UKV-8aa676,BXS,UKV,Pichchandarkovil,Gullivaram,Villupuram-Trichy Chord,TRICHY,SR,21,FORWARD,,NOT_AVAILABLE,SR_DATASET,V1,NOT_VERIFIED,SECONDARY_REFERENCE
SEC-UKV-SRGM-10412a,UKV,SRGM,Gullivaram,Srirangam,Villupuram-Trichy Chord,TRICHY,SR,22,FORWARD,,NOT_AVAILABLE,SR_DATASET,V1,NOT_VERIFIED,SECONDARY_REFERENCE
SEC-SRGM-TPTN-191963,SRGM,TPTN,Srirangam,Tiruchchirappalli Town,Villupuram-Trichy Chord,TRICHY,SR,23,FORWARD,,NOT_AVAILABLE,SR_DATASET,V1,NOT_VERIFIED,SECONDARY_REFERENCE
SEC-TPTN-GOC-8ef486,TPTN,GOC,Tiruchchirappalli Town,Ponmalai,Villupuram-Trichy Chord,TRICHY,SR,24,FORWARD,,NOT_AVAILABLE,SR_DATASET,V1,NOT_VERIFIED,SECONDARY_REFERENCE
SEC-GOC-TPJ-8c39bc,GOC,TPJ,Ponmalai,Tiruchirappalli Junction,Villupuram-Trichy Chord,TRICHY,SR,25,FORWARD,,NOT_AVAILABLE,SR_DATASET,V1,NOT_VERIFIED,SECONDARY_REFERENCE
SEC-VM-VRA-6f0b8d,VM,VRA,Villupuram Junction,Valavanur,Main Line (VM-MV-TPJ),TRICHY,SR,2,FORWARD,,NOT_AVAILABLE,SR_DATASET,V1,NOT_VERIFIED,SECONDARY_REFERENCE
SEC-VRA-TDPR-f62931,VRA,TDPR,Valavanur,Tirupadripulyur,Main Line (VM-MV-TPJ),TRICHY,SR,3,FORWARD,,NOT_AVAILABLE,SR_DATASET,V1,NOT_VERIFIED,SECONDARY_REFERENCE
SEC-TDPR-CUPJ-e0fb3a,TDPR,CUPJ,Tirupadripulyur,Cuddalore Port Junction,Main Line (VM-MV-TPJ),TRICHY,SR,4,FORWARD,,NOT_AVAILABLE,SR_DATASET,V1,NOT_VERIFIED,SECONDARY_REFERENCE
SEC-CUPJ-ALP-7b4217,CUPJ,ALP,Cuddalore Port Junction,Alapakam,Main Line (VM-MV-TPJ),TRICHY,SR,5,FORWARD,,NOT_AVAILABLE,SR_DATASET,V1,NOT_VERIFIED,SECONDARY_REFERENCE
SEC-ALP-PO-4a2675,ALP,PO,Alapakam,Parangipettai,Main Line (VM-MV-TPJ),TRICHY,SR,6,FORWARD,,NOT_AVAILABLE,SR_DATASET,V1,NOT_VERIFIED,SECONDARY_REFERENCE
SEC-PO-KII-901432,PO,KII,Parangipettai,Kille,Main Line (VM-MV-TPJ),TRICHY,SR,7,FORWARD,,NOT_AVAILABLE,SR_DATASET,V1,NOT_VERIFIED,SECONDARY_REFERENCE
SEC-KII-CDM-9add3e,KII,CDM,Kille,Chidambaram,Main Line (VM-MV-TPJ),TRICHY,SR,8,FORWARD,,NOT_AVAILABLE,SR_DATASET,V1,NOT_VERIFIED,SECONDARY_REFERENCE
SEC-CDM-VMP-612063,CDM,VMP,Chidambaram,Vallampadugai,Main Line (VM-MV-TPJ),TRICHY,SR,9,FORWARD,,NOT_AVAILABLE,SR_DATASET,V1,NOT_VERIFIED,SECONDARY_REFERENCE
SEC-VMP-CLN-cd0d46,VMP,CLN,Vallampadugai,Kollidam,Main Line (VM-MV-TPJ),TRICHY,SR,10,FORWARD,,NOT_AVAILABLE,SR_DATASET,V1,NOT_VERIFIED,SECONDARY_REFERENCE
SEC-CLN-SY-7a8bf6,CLN,SY,Kollidam,Sirkazhi,Main Line (VM-MV-TPJ),TRICHY,SR,11,FORWARD,,NOT_AVAILABLE,SR_DATASET,V1,NOT_VERIFIED,SECONDARY_REFERENCE
SEC-SY-VDL-79d44a,SY,VDL,Sirkazhi,Vaithisvarankoil,Main Line (VM-MV-TPJ),TRICHY,SR,12,FORWARD,,NOT_AVAILABLE,SR_DATASET,V1,NOT_VERIFIED,SECONDARY_REFERENCE
SEC-VDL-ANP-9bce54,VDL,ANP,Vaithisvarankoil,Anandatandavapuram,Main Line (VM-MV-TPJ),TRICHY,SR,13,FORWARD,,NOT_AVAILABLE,SR_DATASET,V1,NOT_VERIFIED,SECONDARY_REFERENCE
SEC-ANP-NID-aa4fdb,ANP,NID,Anandatandavapuram,Nidur,Main Line (VM-MV-TPJ),TRICHY,SR,14,FORWARD,,NOT_AVAILABLE,SR_DATASET,V1,NOT_VERIFIED,SECONDARY_REFERENCE
SEC-NID-MV-b0e6c1,NID,MV,Nidur,Mayiladuthurai Junction,Main Line (VM-MV-TPJ),TRICHY,SR,15,FORWARD,,NOT_AVAILABLE,SR_DATASET,V1,NOT_VERIFIED,SECONDARY_REFERENCE
SEC-MV-KTM-3523a0,MV,KTM,Mayiladuthurai Junction,Kutralam,Main Line (VM-MV-TPJ),TRICHY,SR,16,FORWARD,,NOT_AVAILABLE,SR_DATASET,V1,NOT_VERIFIED,SECONDARY_REFERENCE
SEC-KTM-NPT-4f8f25,KTM,NPT,Kutralam,Narasingampettai,Main Line (VM-MV-TPJ),TRICHY,SR,17,FORWARD,,NOT_AVAILABLE,SR_DATASET,V1,NOT_VERIFIED,SECONDARY_REFERENCE
SEC-NPT-ADT-f80290,NPT,ADT,Narasingampettai,Aduturai,Main Line (VM-MV-TPJ),TRICHY,SR,18,FORWARD,,NOT_AVAILABLE,SR_DATASET,V1,NOT_VERIFIED,SECONDARY_REFERENCE
SEC-ADT-TRM-e78dcd,ADT,TRM,Aduturai,Tiruvidaimarudur,Main Line (VM-MV-TPJ),TRICHY,SR,19,FORWARD,,NOT_AVAILABLE,SR_DATASET,V1,NOT_VERIFIED,SECONDARY_REFERENCE
SEC-TRM-TRR-77fec9,TRM,TRR,Tiruvidaimarudur,Tirunagesvaram,Main Line (VM-MV-TPJ),TRICHY,SR,20,FORWARD,,NOT_AVAILABLE,SR_DATASET,V1,NOT_VERIFIED,SECONDARY_REFERENCE
SEC-TRR-KMU-65a912,TRR,KMU,Tirunagesvaram,Kumbakonam,Main Line (VM-MV-TPJ),TRICHY,SR,21,FORWARD,,NOT_AVAILABLE,SR_DATASET,V1,NOT_VERIFIED,SECONDARY_REFERENCE
SEC-KMU-DSM-f26d65,KMU,DSM,Kumbakonam,Darasuram,Main Line (VM-MV-TPJ),TRICHY,SR,22,FORWARD,,NOT_AVAILABLE,SR_DATASET,V1,NOT_VERIFIED,SECONDARY_REFERENCE
SEC-DSM-SWI-e512d9,DSM,SWI,Darasuram,Swamimalai,Main Line (VM-MV-TPJ),TRICHY,SR,23,FORWARD,,NOT_AVAILABLE,SR_DATASET,V1,NOT_VERIFIED,SECONDARY_REFERENCE
SEC-SWI-SPL-fb8ca9,SWI,SPL,Swamimalai,Sundaraperumal Kovil,Main Line (VM-MV-TPJ),TRICHY,SR,24,FORWARD,,NOT_AVAILABLE,SR_DATASET,V1,NOT_VERIFIED,SECONDARY_REFERENCE
SEC-SPL-PML-5e7bc5,SPL,PML,Sundaraperumal Kovil,Papanasam,Main Line (VM-MV-TPJ),TRICHY,SR,25,FORWARD,,NOT_AVAILABLE,SR_DATASET,V1,NOT_VERIFIED,SECONDARY_REFERENCE
SEC-PML-PDV-3a8d00,PML,PDV,Papanasam,Pandaravadai,Main Line (VM-MV-TPJ),TRICHY,SR,26,FORWARD,,NOT_AVAILABLE,SR_DATASET,V1,NOT_VERIFIED,SECONDARY_REFERENCE
SEC-PDV-AZP-8d4daa,PDV,AZP,Pandaravadai,Ayyampet,Main Line (VM-MV-TPJ),TRICHY,SR,27,FORWARD,,NOT_AVAILABLE,SR_DATASET,V1,NOT_VERIFIED,SECONDARY_REFERENCE
SEC-AZP-PVL-863575,AZP,PVL,Ayyampet,Pasupatikovil,Main Line (VM-MV-TPJ),TRICHY,SR,28,FORWARD,,NOT_AVAILABLE,SR_DATASET,V1,NOT_VERIFIED,SECONDARY_REFERENCE
SEC-PVL-TT-e14425,PVL,TT,Pasupatikovil,Titte,Main Line (VM-MV-TPJ),TRICHY,SR,29,FORWARD,,NOT_AVAILABLE,SR_DATASET,V1,NOT_VERIFIED,SECONDARY_REFERENCE
SEC-TT-TJ-1016a6,TT,TJ,Titte,Thanjavur Junction,Main Line (VM-MV-TPJ),TRICHY,SR,30,FORWARD,,NOT_AVAILABLE,SR_DATASET,V1,NOT_VERIFIED,SECONDARY_REFERENCE
SEC-TJ-ALK-5f3738,TJ,ALK,Thanjavur Junction,Alakkudi,Main Line (VM-MV-TPJ),TRICHY,SR,31,FORWARD,,NOT_AVAILABLE,SR_DATASET,V1,NOT_VERIFIED,SECONDARY_REFERENCE
SEC-ALK-BAL-a9550a,ALK,BAL,Alakkudi,Budalur,Main Line (VM-MV-TPJ),TRICHY,SR,32,FORWARD,,NOT_AVAILABLE,SR_DATASET,V1,NOT_VERIFIED,SECONDARY_REFERENCE
SEC-BAL-AYN-033b51,BAL,AYN,Budalur,Aiyanapuram,Main Line (VM-MV-TPJ),TRICHY,SR,33,FORWARD,,NOT_AVAILABLE,SR_DATASET,V1,NOT_VERIFIED,SECONDARY_REFERENCE
SEC-AYN-SGM-77c76f,AYN,SGM,Aiyanapuram,Solagampatti,Main Line (VM-MV-TPJ),TRICHY,SR,34,FORWARD,,NOT_AVAILABLE,SR_DATASET,V1,NOT_VERIFIED,SECONDARY_REFERENCE
SEC-SGM-TOM-cd5ac4,SGM,TOM,Solagampatti,Tondamanpatti,Main Line (VM-MV-TPJ),TRICHY,SR,35,FORWARD,,NOT_AVAILABLE,SR_DATASET,V1,NOT_VERIFIED,SECONDARY_REFERENCE
SEC-TOM-TRB-3268f5,TOM,TRB,Tondamanpatti,Tiruverumbur,Main Line (VM-MV-TPJ),TRICHY,SR,36,FORWARD,,NOT_AVAILABLE,SR_DATASET,V1,NOT_VERIFIED,SECONDARY_REFERENCE
SEC-TRB-MCJ-ae4841,TRB,MCJ,Tiruverumbur,Manjattidal,Main Line (VM-MV-TPJ),TRICHY,SR,37,FORWARD,,NOT_AVAILABLE,SR_DATASET,V1,NOT_VERIFIED,SECONDARY_REFERENCE
SEC-MCJ-GOC-648ba8,MCJ,GOC,Manjattidal,Ponmalai,Main Line (VM-MV-TPJ),TRICHY,SR,38,FORWARD,,NOT_AVAILABLE,SR_DATASET,V1,NOT_VERIFIED,SECONDARY_REFERENCE
SEC-GOC-TPJ-7444b3,GOC,TPJ,Ponmalai,Tiruchirappalli Junction,Main Line (VM-MV-TPJ),TRICHY,SR,39,FORWARD,,NOT_AVAILABLE,SR_DATASET,V1,NOT_VERIFIED,SECONDARY_REFERENCE
SEC-TJ-KXO-e47baa,TJ,KXO,Thanjavur Junction,Kudikadu,Thanjavur-Karaikal-Velankanni,TRICHY,SR,2,FORWARD,,NOT_AVAILABLE,SR_DATASET,V1,NOT_VERIFIED,SECONDARY_REFERENCE
SEC-KXO-SMM-8c48eb,KXO,SMM,Kudikadu,Saliyamangalam,Thanjavur-Karaikal-Velankanni,TRICHY,SR,3,FORWARD,,NOT_AVAILABLE,SR_DATASET,V1,NOT_VERIFIED,SECONDARY_REFERENCE
SEC-SMM-AMT-71b9da,SMM,AMT,Saliyamangalam,Ammapet,Thanjavur-Karaikal-Velankanni,TRICHY,SR,4,FORWARD,,NOT_AVAILABLE,SR_DATASET,V1,NOT_VERIFIED,SECONDARY_REFERENCE
SEC-AMT-KYV-f7fdf9,AMT,KYV,Ammapet,Koyilvenni,Thanjavur-Karaikal-Velankanni,TRICHY,SR,5,FORWARD,,NOT_AVAILABLE,SR_DATASET,V1,NOT_VERIFIED,SECONDARY_REFERENCE
SEC-KYV-NMJ-019aee,KYV,NMJ,Koyilvenni,Nidamangalam Junction,Thanjavur-Karaikal-Velankanni,TRICHY,SR,6,FORWARD,,NOT_AVAILABLE,SR_DATASET,V1,NOT_VERIFIED,SECONDARY_REFERENCE
SEC-NMJ-KDE-6095b9,NMJ,KDE,Nidamangalam Junction,Koradacheri,Thanjavur-Karaikal-Velankanni,TRICHY,SR,7,FORWARD,,NOT_AVAILABLE,SR_DATASET,V1,NOT_VERIFIED,SECONDARY_REFERENCE
SEC-KDE-TMU-31c6b3,KDE,TMU,Koradacheri,Tirumanthikunam,Thanjavur-Karaikal-Velankanni,TRICHY,SR,8,FORWARD,,NOT_AVAILABLE,SR_DATASET,V1,NOT_VERIFIED,SECONDARY_REFERENCE
SEC-TMU-KU-cb0375,TMU,KU,Tirumanthikunam,Kulikarai,Thanjavur-Karaikal-Velankanni,TRICHY,SR,9,FORWARD,,NOT_AVAILABLE,SR_DATASET,V1,NOT_VERIFIED,SECONDARY_REFERENCE
SEC-KU-TVR-1e3eac,KU,TVR,Kulikarai,Thiruvarur Junction,Thanjavur-Karaikal-Velankanni,TRICHY,SR,10,FORWARD,,NOT_AVAILABLE,SR_DATASET,V1,NOT_VERIFIED,SECONDARY_REFERENCE
SEC-TVR-AYM-35f414,TVR,AYM,Thiruvarur Junction,Adiyakkamangalam,Thanjavur-Karaikal-Velankanni,TRICHY,SR,11,FORWARD,,NOT_AVAILABLE,SR_DATASET,V1,NOT_VERIFIED,SECONDARY_REFERENCE
SEC-AYM-KOQ-467748,AYM,KOQ,Adiyakkamangalam,Kuthur,Thanjavur-Karaikal-Velankanni,TRICHY,SR,12,FORWARD,,NOT_AVAILABLE,SR_DATASET,V1,NOT_VERIFIED,SECONDARY_REFERENCE
SEC-KOQ-SKK-10a1e3,KOQ,SKK,Kuthur,Sikkal,Thanjavur-Karaikal-Velankanni,TRICHY,SR,13,FORWARD,,NOT_AVAILABLE,SR_DATASET,V1,NOT_VERIFIED,SECONDARY_REFERENCE
SEC-SKK-NGT-ee5aec,SKK,NGT,Sikkal,Nagapattinam,Thanjavur-Karaikal-Velankanni,TRICHY,SR,14,FORWARD,,NOT_AVAILABLE,SR_DATASET,V1,NOT_VERIFIED,SECONDARY_REFERENCE
SEC-NGT-APE-771c72,NGT,APE,Nagapattinam,Andanappettai,Thanjavur-Karaikal-Velankanni,TRICHY,SR,15,FORWARD,,NOT_AVAILABLE,SR_DATASET,V1,NOT_VERIFIED,SECONDARY_REFERENCE
SEC-APE-NCR-878e3f,APE,NCR,Andanappettai,Nagore,Thanjavur-Karaikal-Velankanni,TRICHY,SR,16,FORWARD,,NOT_AVAILABLE,SR_DATASET,V1,NOT_VERIFIED,SECONDARY_REFERENCE
SEC-NCR-TMPT-663139,NCR,TMPT,Nagore,Tirumalairayanpattinam,Thanjavur-Karaikal-Velankanni,TRICHY,SR,17,FORWARD,,NOT_AVAILABLE,SR_DATASET,V1,NOT_VERIFIED,SECONDARY_REFERENCE
SEC-TMPT-KIK-b49bf8,TMPT,KIK,Tirumalairayanpattinam,Karaikal,Thanjavur-Karaikal-Velankanni,TRICHY,SR,18,FORWARD,,NOT_AVAILABLE,SR_DATASET,V1,NOT_VERIFIED,SECONDARY_REFERENCE
SEC-KIK-VLNK-253834,KIK,VLNK,Karaikal,Velankanni,Thanjavur-Karaikal-Velankanni,TRICHY,SR,19,FORWARD,,NOT_AVAILABLE,SR_DATASET,V1,NOT_VERIFIED,SECONDARY_REFERENCE
SEC-VM-VKM-2fb125,VM,VKM,Villupuram Junction,Venkatesapuram,Villupuram-Katpadi Branch,TRICHY,SR,2,FORWARD,,NOT_AVAILABLE,SR_DATASET,V1,NOT_VERIFIED,SECONDARY_REFERENCE
SEC-VKM-MMP-a93ec5,VKM,MMP,Venkatesapuram,Mambalappattu,Villupuram-Katpadi Branch,TRICHY,SR,3,FORWARD,,NOT_AVAILABLE,SR_DATASET,V1,NOT_VERIFIED,SECONDARY_REFERENCE
SEC-MMP-AYD-565401,MMP,AYD,Mambalappattu,Ayandur,Villupuram-Katpadi Branch,TRICHY,SR,4,FORWARD,,NOT_AVAILABLE,SR_DATASET,V1,NOT_VERIFIED,SECONDARY_REFERENCE
SEC-AYD-TRK-ada7bc,AYD,TRK,Ayandur,Tirukkovilur,Villupuram-Katpadi Branch,TRICHY,SR,5,FORWARD,,NOT_AVAILABLE,SR_DATASET,V1,NOT_VERIFIED,SECONDARY_REFERENCE
SEC-TRK-ACN-f9f4bd,TRK,ACN,Tirukkovilur,Adhichchanur,Villupuram-Katpadi Branch,TRICHY,SR,6,FORWARD,,NOT_AVAILABLE,SR_DATASET,V1,NOT_VERIFIED,SECONDARY_REFERENCE
SEC-ACN-AND-f3a5e0,ACN,AND,Adhichchanur,Andampalayam,Villupuram-Katpadi Branch,TRICHY,SR,7,FORWARD,,NOT_AVAILABLE,SR_DATASET,V1,NOT_VERIFIED,SECONDARY_REFERENCE
SEC-AND-TNI-a2e967,AND,TNI,Andampalayam,Tandarai,Villupuram-Katpadi Branch,TRICHY,SR,8,FORWARD,,NOT_AVAILABLE,SR_DATASET,V1,NOT_VERIFIED,SECONDARY_REFERENCE
SEC-TNI-TNM-7ca86f,TNI,TNM,Tandarai,Tiruvannamalai,Villupuram-Katpadi Branch,TRICHY,SR,9,FORWARD,,NOT_AVAILABLE,SR_DATASET,V1,NOT_VERIFIED,SECONDARY_REFERENCE
SEC-TNM-TJM-7808b4,TNM,TJM,Tiruvannamalai,Turinjapuram,Villupuram-Katpadi Branch,TRICHY,SR,10,FORWARD,,NOT_AVAILABLE,SR_DATASET,V1,NOT_VERIFIED,SECONDARY_REFERENCE
SEC-TJM-AGM-09bfd5,TJM,AGM,Turinjapuram,Agaram Sibbandi,Villupuram-Katpadi Branch,TRICHY,SR,11,FORWARD,,NOT_AVAILABLE,SR_DATASET,V1,NOT_VERIFIED,SECONDARY_REFERENCE
SEC-AGM-PRL-5735ad,AGM,PRL,Agaram Sibbandi,Polur,Villupuram-Katpadi Branch,TRICHY,SR,12,FORWARD,,NOT_AVAILABLE,SR_DATASET,V1,NOT_VERIFIED,SECONDARY_REFERENCE
SEC-PRL-ARV-896930,PRL,ARV,Polur,Arni Road,Villupuram-Katpadi Branch,TRICHY,SR,13,FORWARD,,NOT_AVAILABLE,SR_DATASET,V1,NOT_VERIFIED,SECONDARY_REFERENCE
SEC-ARV-MCL-1bcd30,ARV,MCL,Arni Road,Madimangalam,Villupuram-Katpadi Branch,TRICHY,SR,14,FORWARD,,NOT_AVAILABLE,SR_DATASET,V1,NOT_VERIFIED,SECONDARY_REFERENCE
SEC-MCL-SDPT-6ea414,MCL,SDPT,Madimangalam,Sedarappattu,Villupuram-Katpadi Branch,TRICHY,SR,15,FORWARD,,NOT_AVAILABLE,SR_DATASET,V1,NOT_VERIFIED,SECONDARY_REFERENCE
SEC-SDPT-OPM-4f7bbd,SDPT,OPM,Sedarappattu,Onnupuram,Villupuram-Katpadi Branch,TRICHY,SR,16,FORWARD,,NOT_AVAILABLE,SR_DATASET,V1,NOT_VERIFIED,SECONDARY_REFERENCE
SEC-OPM-KMM-8d7f08,OPM,KMM,Onnupuram,Kannamangalam,Villupuram-Katpadi Branch,TRICHY,SR,17,FORWARD,,NOT_AVAILABLE,SR_DATASET,V1,NOT_VERIFIED,SECONDARY_REFERENCE
SEC-KMM-KNB-26cc34,KMM,KNB,Kannamangalam,Kaniyambadi,Villupuram-Katpadi Branch,TRICHY,SR,18,FORWARD,,NOT_AVAILABLE,SR_DATASET,V1,NOT_VERIFIED,SECONDARY_REFERENCE
SEC-KNB-PNTR-de427f,KNB,PNTR,Kaniyambadi,Pennathur,Villupuram-Katpadi Branch,TRICHY,SR,19,FORWARD,,NOT_AVAILABLE,SR_DATASET,V1,NOT_VERIFIED,SECONDARY_REFERENCE
SEC-PNTR-VLR-34ea16,PNTR,VLR,Pennathur,Vellore Cantt,Villupuram-Katpadi Branch,TRICHY,SR,20,FORWARD,,NOT_AVAILABLE,SR_DATASET,V1,NOT_VERIFIED,SECONDARY_REFERENCE
SEC-VLR-KPD-7a1de8,VLR,KPD,Vellore Cantt,Katpadi Junction,Villupuram-Katpadi Branch,TRICHY,SR,21,FORWARD,,NOT_AVAILABLE,SR_DATASET,V1,NOT_VERIFIED,SECONDARY_REFERENCE
SEC-KKDI-KNPL-73d0cf,KKDI,KNPL,Karaikkudi Junction,Kandanur Puduvayal,Karaikkudi-Tiruvarur,TRICHY,SR,2,FORWARD,,NOT_AVAILABLE,SR_DATASET,V1,NOT_VERIFIED,SECONDARY_REFERENCE
SEC-KNPL-VMM-7bbdef,KNPL,VMM,Kandanur Puduvayal,Valaramanikkam,Karaikkudi-Tiruvarur,TRICHY,SR,3,FORWARD,,NOT_AVAILABLE,SR_DATASET,V1,NOT_VERIFIED,SECONDARY_REFERENCE
SEC-VMM-ATQ-fe3586,VMM,ATQ,Valaramanikkam,Arantangi,Karaikkudi-Tiruvarur,TRICHY,SR,4,FORWARD,,NOT_AVAILABLE,SR_DATASET,V1,NOT_VERIFIED,SECONDARY_REFERENCE
SEC-ATQ-AYI-0a15d3,ATQ,AYI,Arantangi,Ayingudi,Karaikkudi-Tiruvarur,TRICHY,SR,5,FORWARD,,NOT_AVAILABLE,SR_DATASET,V1,NOT_VERIFIED,SECONDARY_REFERENCE
SEC-AYI-PVI-aed95e,AYI,PVI,Ayingudi,Peravurani,Karaikkudi-Tiruvarur,TRICHY,SR,6,FORWARD,,NOT_AVAILABLE,SR_DATASET,V1,NOT_VERIFIED,SECONDARY_REFERENCE
SEC-PVI-PKT-f2327a,PVI,PKT,Peravurani,Pattukottai,Karaikkudi-Tiruvarur,TRICHY,SR,7,FORWARD,,NOT_AVAILABLE,SR_DATASET,V1,NOT_VERIFIED,SECONDARY_REFERENCE
SEC-PKT-AMM-858339,PKT,AMM,Pattukottai,Adirampattinam,Karaikkudi-Tiruvarur,TRICHY,SR,8,FORWARD,,NOT_AVAILABLE,SR_DATASET,V1,NOT_VERIFIED,SECONDARY_REFERENCE
SEC-AMM-MTT-bafa1d,AMM,MTT,Adirampattinam,Mutupet,Karaikkudi-Tiruvarur,TRICHY,SR,9,FORWARD,,NOT_AVAILABLE,SR_DATASET,V1,NOT_VERIFIED,SECONDARY_REFERENCE
SEC-MTT-TAM-edcbfb,MTT,TAM,Mutupet,Tillaivilagam,Karaikkudi-Tiruvarur,TRICHY,SR,10,FORWARD,,NOT_AVAILABLE,SR_DATASET,V1,NOT_VERIFIED,SECONDARY_REFERENCE
SEC-TAM-TTP-c6ddc3,TAM,TTP,Tillaivilagam,Tiruturaipundi Junction,Karaikkudi-Tiruvarur,TRICHY,SR,11,FORWARD,,NOT_AVAILABLE,SR_DATASET,V1,NOT_VERIFIED,SECONDARY_REFERENCE
SEC-TTP-ATB-31d3c8,TTP,ATB,Tiruturaipundi Junction,Alattambadi,Karaikkudi-Tiruvarur,TRICHY,SR,12,FORWARD,,NOT_AVAILABLE,SR_DATASET,V1,NOT_VERIFIED,SECONDARY_REFERENCE
SEC-ATB-MNLI-ae0ca7,ATB,MNLI,Alattambadi,Manali Halt,Karaikkudi-Tiruvarur,TRICHY,SR,13,FORWARD,,NOT_AVAILABLE,SR_DATASET,V1,NOT_VERIFIED,SECONDARY_REFERENCE
SEC-MNLI-AMNR-c812e8,MNLI,AMNR,Manali Halt,Ammanur,Karaikkudi-Tiruvarur,TRICHY,SR,14,FORWARD,,NOT_AVAILABLE,SR_DATASET,V1,NOT_VERIFIED,SECONDARY_REFERENCE
SEC-AMNR-TNK-18e0a4,AMNR,TNK,Ammanur,Tirunellikaval,Karaikkudi-Tiruvarur,TRICHY,SR,15,FORWARD,,NOT_AVAILABLE,SR_DATASET,V1,NOT_VERIFIED,SECONDARY_REFERENCE
SEC-TNK-MARD-a4b1f3,TNK,MARD,Tirunellikaval,Mavur Road,Karaikkudi-Tiruvarur,TRICHY,SR,16,FORWARD,,NOT_AVAILABLE,SR_DATASET,V1,NOT_VERIFIED,SECONDARY_REFERENCE
SEC-MARD-MAX-fda0c7,MARD,MAX,Mavur Road,Mangudi,Karaikkudi-Tiruvarur,TRICHY,SR,17,FORWARD,,NOT_AVAILABLE,SR_DATASET,V1,NOT_VERIFIED,SECONDARY_REFERENCE
SEC-MAX-TVR-2c84f2,MAX,TVR,Mangudi,Thiruvarur Junction,Karaikkudi-Tiruvarur,TRICHY,SR,18,FORWARD,,NOT_AVAILABLE,SR_DATASET,V1,NOT_VERIFIED,SECONDARY_REFERENCE
SEC-VM-CBU-219916,VM,CBU,Villupuram Junction,Chinna Babu Samudram,Villupuram-Puducherry,TRICHY,SR,2,FORWARD,,NOT_AVAILABLE,SR_DATASET,V1,NOT_VERIFIED,SECONDARY_REFERENCE
SEC-CBU-VI-6e6aca,CBU,VI,Chinna Babu Samudram,Villianur,Villupuram-Puducherry,TRICHY,SR,3,FORWARD,,NOT_AVAILABLE,SR_DATASET,V1,NOT_VERIFIED,SECONDARY_REFERENCE
SEC-VI-PDY-fb2a4e,VI,PDY,Villianur,Puducherry,Villupuram-Puducherry,TRICHY,SR,4,FORWARD,,NOT_AVAILABLE,SR_DATASET,V1,NOT_VERIFIED,SECONDARY_REFERENCE
SEC-NMJ-MQ-b3f155,NMJ,MQ,Nidamangalam Junction,Mannargudi,Nidamangalam-Mannargudi,TRICHY,SR,2,FORWARD,,NOT_AVAILABLE,SR_DATASET,V1,NOT_VERIFIED,SECONDARY_REFERENCE
SEC-MV-PEM-fcf421,MV,PEM,Mayiladuturai Junction,Peralam Junction,Mayiladuthurai to Thiruvarur,TRICHY,SR,2,FORWARD,,NOT_AVAILABLE,SR_DATASET,V1,NOT_VERIFIED,SECONDARY_REFERENCE
SEC-PEM-POM-9c9e34,PEM,POM,Peralam Junction,Punthottam,Mayiladuthurai to Thiruvarur,TRICHY,SR,3,FORWARD,,NOT_AVAILABLE,SR_DATASET,V1,NOT_VERIFIED,SECONDARY_REFERENCE
SEC-POM-NNM-2bd28b,POM,NNM,Punthottam,Nannilam,Mayiladuthurai to Thiruvarur,TRICHY,SR,4,FORWARD,,NOT_AVAILABLE,SR_DATASET,V1,NOT_VERIFIED,SECONDARY_REFERENCE
SEC-NNM-TVR-ed98e1,NNM,TVR,Nannilam,Thiruvarur Junction,Mayiladuthurai to Thiruvarur,TRICHY,SR,5,FORWARD,,NOT_AVAILABLE,SR_DATASET,V1,NOT_VERIFIED,SECONDARY_REFERENCE
SEC-PEM-ABT-291972,PEM,ABT,Peralam Junction,Ambagarattur,Peralam to Karaikal,TRICHY,SR,2,FORWARD,,NOT_AVAILABLE,SR_DATASET,V1,NOT_VERIFIED,SECONDARY_REFERENCE
SEC-ABT-PCD-1fd831,ABT,PCD,Ambagarattur,Pattakudi (Pathakudy),Peralam to Karaikal,TRICHY,SR,3,FORWARD,,NOT_AVAILABLE,SR_DATASET,V1,NOT_VERIFIED,SECONDARY_REFERENCE
SEC-PCD-TXR-dc2671,PCD,TXR,Pattakudi (Pathakudy),Thirunallar,Peralam to Karaikal,TRICHY,SR,4,FORWARD,,NOT_AVAILABLE,SR_DATASET,V1,NOT_VERIFIED,SECONDARY_REFERENCE
SEC-TXR-KVPT-d62e4c,TXR,KVPT,Thirunallar,Karai Kovilpathu,Peralam to Karaikal,TRICHY,SR,5,FORWARD,,NOT_AVAILABLE,SR_DATASET,V1,NOT_VERIFIED,SECONDARY_REFERENCE
SEC-KVPT-KIK-edd51d,KVPT,KIK,Karai Kovilpathu,Karaikal,Peralam to Karaikal,TRICHY,SR,6,FORWARD,,NOT_AVAILABLE,SR_DATASET,V1,NOT_VERIFIED,SECONDARY_REFERENCE
